uf,cnpj,razao_social,cep
SP,47372720000141,2PX - FUNDO DE INVESTIMENTO MULTIMERCADO CREDITO PRIVADO,04543000
SP,45908200000185,BRAFIC FI EM COTAS DE FUNDOS DE INVESTIMENTO MULTIMERCADO CREDITO PRIVADO RESPONSABILIDADE LIMITADA,04543000
SP,49651132000172,BAY HA LONG FUNDO DE INVESTIMENTO MULTIMERCADO CREDITO PRIVADO INVESTIMENTO NO EXTERIOR,04543000
SP,19424677000185,VERUM FUNDO DE INVESTIMENTO MULTIMERCADO CREDITO PRIVADO,04543000
SP,50946637000143,A4 FUNDO DE INVESTIMENTO MULTIMERCADO ESTRATEGIA LIVRE CREDITO PRIVADO,04543000
MG,09720710000160,INTER CONSERVADOR PLUS FUNDO DE INVESTIMENTO FINANCEIRO RENDA FIXA LONGO PRAZO RESP LIMITADA,30190131
SP,45823709000125,INVESTO MEGA TRENDS CLASSE DE INVESTIMENTO ACOES RESPONSABILIDADE LIMITADA,04543011
SP,52317938000133,SZLEZ FUNDO DE INVESTIMENTO MULTIMERCADO RESPONSABILIDADE LIMITADA CREDITO PRIVADO IE,04543000
SP,44428806000150,JIVE DISTRESSED & SPECIAL SITS IV STRATEGIC PARTNERS FIC DE FIF MULTI - CP RESPONSABILIDADE LIMITADA,05410002
SP,49651212000128,BAY SIDNEY FUNDO DE INVESTIMENTO MULTIMERCADO CREDITO PRIVADO INVESTIMENTO NO EXTERIOR,04543000
SP,46334681000125,SULAMERICA PRESTIGE XP SEG PREV FIF RENDA FIXA RESPONSABILIDADE LIMITADA,04543000
SP,47984249000142,SAM 3 FUNDO DE INVESTIMENTO MULTIMERCADO CREDITO PRIVADO RESPONSABILIDADE LIMITADA,05410002
SP,47372648000152,PLN PAR - FUNDO DE INVESTIMENTO MULTIMERCADO CREDITO PRIVADO,04543000
SP,12124044000102,MAPFRE HEDGE PREV CLASSE DE INVESTIMENTO RENDA FIXA - RESPONSABILIDADE LIMITADA,04543011
SP,48993165000138,LAB OITO FUNDO DE INVESTIMENTO MULTIMERCADO CREDITO PRIVADO,04538132
RJ,50443649000155,PRINZ DISCOVERY CREDITO ESTRUTURADO FUNDO DE INVESTIMENTO EM COTAS DE DIREITOS CREDITORIOS,22250911
SP,11147668000182,BNP PARIBAS ACCESS USA COMPANIES CLASSE DE INVESTIMENTO EM ACOES - RESPONSABILIDADE LIMITADA,04543011
SP,49914023000109,BULLLA FUNDO DE INVESTIMENTO MULTIMERCADO CREDITO PRIVADO,04538132
SP,09636393000107,BNP PARIBAS MATCH CLASSE DE INVESTIMENTO DE RENDA FIXA REFERENCIADA DI CP RESPONSABILIDADE LIMITADA,04543011
SP,51777660000114,ANZEN FUNDO DE INVESTIMENTO EM COTAS DE FUNDOS DE INVESTIMENTO MULTIMERCADO CREDITO PRIVADO,04730903
MG,49995610000161,INTER INSTITUICOES FINANCEIRAS FUNDO DE INVESTIMENTO FINANCEIRO RENDA FIXA CRED PRIV RESP LIMITADA,30190131
SP,50943777000168,BROWNFIELD FUNDO DE INVESTIMENTO EM DIREITOS CREDITORIOS RESPONSABILIDADE LIMITADA,04543000
MG,49506998000190,SUPREME I FUNDO DE INVESTIMENTO MULTIMERCADO CREDITO PRIVADO,30190094
MG,50197313000150,INTER BB FC DE FUNDO DE INVESTIMENTO FINANCEIRO RENDA FIXA LONGO PRAZO RESP LIMITADA,30190131
SP,49429700000195,SILVES FUNDO DE INVESTIMENTO MULTIMERCADO CREDITO PRIVADO,04538132
SP,50587789000105,HT3 FUNDO DE INVESTIMENTO MULTIMERCADO CREDITO PRIVADO IE,04543000
SP,49983964000196,CLASSE UNICA DO WESTERN ASSET CREDITO BANCARIO PLUS FI FINANCEIRO RF CP RESP LIMITADA,04543011
SP,50269714000178,ID RF FUNDO DE INVESTIMENTO FINANCEIRO RENDA FIXA LONGO PRAZO,04543000
SP,50051913000105,NXC FUNDO DE INVESTIMENTO MULTIMERCADO CREDITO PRIVADO,04543000
MG,47423757000151,RENDA FUNDO DE INVESTIMENTO FINANCEIRO RENDA FIXA LONGO PRAZO TITULOS PUBL IMA GERAL RESP LIMITADA,30190131
SP,44428854000149,CSHG JIVE DISTRESSED & SPECIAL SITS IV ALLOCATION FIC DE FIF MULTI CP RESPONSABILIDADE LIMITADA,05410002
SP,97543707000186,BLACKROCK INSTITUCIONAL IBOVESPA CLASSE DE INVESTIMENTO EM ACOES - RESPONSABILIDADE LIMITADA,04543011
SP,41751844000151,MARSELHA FUNDO DE INVESTIMENTO FINANCEIRO CREDITO PRIVADO RESPONSABILIDADE LIMITADA,04543000
RJ,49733651000180,GENEPI FI EM COTAS DE FIF MULTIMERCADO CREDITO PRIVADO - RESPONSABILIDADE LIMITADA,20031170
SP,49651245000178,BAY GUANABARA FUNDO DE INVESTIMENTO MULTIMERCADO CREDITO PRIVADO INVESTIMENTO NO EXTERIOR,04543000
SP,48996311000189,ABP VENTURES FUNDO DE INVESTIMENTO MULTIMERCADO CREDITO PRIVADO INVESTIMENTO NO EXTERIOR,04543000
SP,11769285000146,SPHERE CLASSE DE INVESTIMENTO MULTIMERCADO CREDITO PRIVADO INVESTIMENTO NO EXTERIOR,04543011
SP,12107422000140,ZURICH BNPP RENDA FIXA CIC DE CLASSES DE INVESTIMENTO PREVIDENCIARIA - RESP LIMITADA,04543011
SP,46628381000159,KATLA FUNDO DE INVESTIMENTO MULTIMERCADO CREDITO PRIVADO,04538132
RJ,47033209000115,IPANEMA PREVIDENCIARIO FIF MULTIMERCADO CREDITO PRIVADO - RESPONSABILIDADE LIMITADA,20031170
SP,52317521000170,IAT FUNDO DE INVESTIMENTO MULTIMERCADO RESPONSABILIDADE LIMITADA CREDITO PRIVADO IE,04543000
SP,48996079000189,KSK FUNDO DE INVESTIMENTO MULTIMERCADO CREDITO PRIVADO,04543000
RJ,49983891000132,PATRIA CREDITO ESTRUTURADO 365 FIC FIM CREDITO PRIVADO,22250911
SP,47085583000164,JIVE DISTRESSED & SPECIAL SITS IV INSTITUTIONAL FIC DE FIF MULTI - CP RESPONSABILIDADE LIMITADA,05410002
SP,45908305000134,ID 309 FUNDO DE INVESTIMENTO MULTIMERCADO CREDITO PRIVADO INVESTIMENTO NO EXTERIOR,04543000
DF,09234078000145,FUNDO DE INVESTIMENTO DO FUNDO DE GARANTIA DO TEMPO DE SERVICO,70092900
SP,14166140000149,FUNDO DE INVESTIMENTO EM DIREITOS CREDITORIOS SIFRA STAR,05408003
SP,50152676000179,INVESTMACH FUNDO DE INVESTIMENTO EM COTAS DE FUNDOS DE INVESTIMENTO MULTIMERCADO CREDITO PRIVADO,04543000
RJ,47716415000120,JOURNEY CAPITAL CREDITO ESTRUTURADO 120 FUNDO DE INVESTIMENTO EM COTAS DE FUNDOS DE INVESTIMENTO MULTIMERCADO CREDITO PRIVADO,22250040
SP,09636619000161,BNP PARIBAS SOBERANO CIC DE CLASSE DE INVESTIMENTO RENDA FIXA SIMPLES - RESPONSABILIDADE LIMITADA,04543011
MG,51305991000151,DUNAS II FUNDO DE INVESTIMENTO FINANCEIRO MULTIMERCADO CREDITO PRIVADO RESPONSABILIDADE LIMITADA,30190131
SP,13243834000170,TENEO FUNDO DE INVESTIMENTO EM PARTICIPACOES - MULTIESTRATEGIA,04571050
SP,50191107000132,ID SOBERANO FUNDO DE INVESTIMENTO RENDA FIXA SIMPLES LONGO PRAZO,04543000
SP,51029588000147,FRANKFURT CLASSE DE INVESTIMENTO MULTIMERCADO INVESTIMENTO NO EXTERIOR RESPONSABILIDADE LIMITADA,04543011
SP,49651181000105,BAY SAO FRANCISCO FUNDO DE INVESTIMENTO MULTIMERCADO CREDITO PRIVADO INVESTIMENTO NO EXTERIOR,04543000
SP,11108013000103,BNP PARIBAS SMALL CAPS CLASSE DE INVESTIMENTO EM ACOES - RESPONSABILIDADE LIMITADA,04543011
SP,49224039000181,GRIFFIN FUNDO DE INVESTIMENTO MULTIMERCADO CREDITO PRIVADO INVESTIMENTO NO EXTERIOR,04543000
SP,26845868000186,BNP PARIBAS ACCESS DIVERSIFIED DYNAMIC CLASSE DE INVESTIMENTO MULTIMERCADO - RESP LIMITADA,04543011
SP,33361923000128,BLACKROCK GLOBAL BOND INCOME MASTER CLASSE DE INVESTIMENTO MULTIMERCADO - RESPONSABILIDADE LIMITADA,04543011
SP,33913576000107,DB II CLASSE DE INVESTIMENTO MULTIMERCADO INVESTIMENTO NO EXTERIOR CREDITO PRIVADO,04543011
MG,36443587000150,INTER ACCESS LEGACY CAPITAL FUNDO DE INVESTIMENTO EM COTAS DE FUNDO DE INVESTIMENTO FINANCEIRO MULTI,30190131
SP,33361798000156,BLACKROCK GLOBAL BOND INCOME CLASSE DE INVESTIMENTO EM CIC MULTIMERCADO - RESPONSABILIDADE LIMITADA,04543011
SP,29315243000109,ESTOCOLMO FUNDO DE INVESTIMENTO MULTIMERCADO CREDITO PRIVADO,04538132
SP,29983516000185,CLASSE UNICA DO WESTERN ASSET FI FINANCEIRO INCENTIVADO EM DEBENTURES DE INFRA RF CP RESP LIMITADA,04543011
MG,34617291000183,INTER SELECTION MACRO FC DE FUNDO DE INVESTIMENTO FINANCEIRO MULTIMERCADO RESPONSABILIDADE LIMITADA,30190131
MG,26862104000107,GUIA FUNDO DE INVESTIMENTO FINANCEIRO EM ACOES,30190131
RJ,33033191000147,KATCH FUNDO DE INVESTIMENTO MULTIMERCADO CREDITO PRIVADO,22250906
RJ,37806055000101,EVEREST HIGH YIELD FUNDO DE INVESTIMENTO EM COTAS DE FUNDOS DE INVESTIMENTO MULTIMERCADO CREDITO PRIVADO E1,22250040
RJ,35580324000120,DAHLIA TOTAL RETURN CSHG II FI EM COTAS DE FI FINANCEIRO MULTIMERCADO RESPONSABILIDADE LIMITADA,20031170
MG,39540780000106,INTER ACCESS VERDE FUNDO DE INVESTIMENTO EM COTAS DE FUNDO DE INVESTIMENTO FINANCEIRO MULTIMERCADO,30190131
SP,30282270000101,CLASSE UNICA DO IMOLA FUNDO DE INVESTIMENTO EM COTAS FINANCEIRO MULTIMERCADO CREDITO PRIVADO LP,04543011
SP,33913584000145,DB III CLASSE DE INVESTIMENTO MULTIMERCADO INVESTIMENTO NO EXTERIOR CREDITO PRIVADO,04543011
SP,32222759000105,BLACKROCK DYNAMIC HIGH INCOME MASTER CLASSE DE INVESTIMENTO MULTIMERCADO - RESP LIMITADA,04543011
SP,28320756000137,CLASSE UNICA DO WESTERN ASSET TOTAL CREDIT ADVISORY FI EM COTAS DE FI FINANCEIRO RF CP RESP. LTDA,04543011
SP,31963246000192,SERRA DE BRAGANCA FUNDO DE INVESTIMENTO MULTIMERCADO,04538132
RJ,40905548000103,FUNDO DE INVESTIMENTO EM COTAS DE FUNDOS DE INVESTIMENTO MULTIMERCADO EMPIRICA LOTUS HY CREDITO PRIVADO,22250040
MG,27826059000190,INTER PREMIUM FUNDO DE INVESTIMENTO FINANCEIRO RENDA FIXA CREDITO PRIVADO LONGO PRAZO RESP LIMITADA,30190131
RJ,36729755000179,GALAPAGOS DRAGON FUNDO DE INVESTIMENTO EM COTAS DE FUNDOS DE INVESTIMENTO MULTIMERCADO CREDITO PRIVADO,22250040
SP,32244578000180,SUN FUNDO DE INVESTIMENTO MULTIMERCADO CREDITO PRIVADO,04543000
SP,12586174000167,NOVA PARTICIPACOES - FUNDO DE INVESTIMENTO EM COTAS DE FUNDOS DE INVESTIMENTO MULTIMERCADO CREDITO PRIVADO,04571050
MG,39344840000107,INTER ACOES VALOR FUNDO DE INVESTIMENTO FINANCEIRO EM ACOES RESPONSABILIDADE LIMITADA,30190131
MG,39281116000181,INTER ACCESS BOGARI VALUE FC DE FUNDOS DE INVESTIMENTO FINANCEIRO EM ACOES RESPONSABILIDADE LIMITADA,30190131
MG,36764134000126,INTER ACCESS ATMOS FC DE FUNDOS DE INVESTIMENTO FINANCEIRO EM ACOES RESPONSABILIDADE LIMITADA,30190131
SP,38443033000189,BNP PARIBAS INFRAESTRUTURA CIC RF SUSTENTAVEL IS - RESPONSABILIDADE LIMITADA,04543011
SP,32222722000187,BNP PARIBAS CRED INSTITUCIONAL SUSTENTAVEL IS CI EM CLASSES DE INVESTIMENTO RF CP LP - RESP LIMITADA,04543011
SP,33361873000189,BLACKROCK GLOBAL EVENT DRIVEN MASTER CLASSE DE INVESTIMENTO MULTIMERCADO RESPONSABILIDADE LIMITADA,04543011
SP,28065477000174,FUTURAMA FUNDO DE INVESTIMENTO MULTIMERCADO CREDITO PRIVADO INVESTIMENTO NO EXTERIOR,04543000
SP,35819219000100,JIVE DISTRESSED III OFFSHORE FIC DE FIF MULTI CP RESPONSABILIDADE LIMITADA,05410002
SP,33429343000125,DB HOLDING CLASSE DE INVESTIMENTO MULTIMERCADO INVESTIMENTO NO EXTERIOR CREDITO PRIVADO,04543011
MG,36443522000105,INTER CORPORATE FUNDO DE INVESTIMENTO FINANCEIRO RENDA FIXA CREDITO PRIVADO RESP LIMITADA,30190131
SP,29881003000163,SILEX FUNDO DE INVESTIMENTO MULTIMERCADO CREDITO PRIVADO INVESTIMENTO NO EXTERIOR,04538132
SP,35819666000150,JIVE DISTRESSED III ONSHORE FIC DE FIF MULTIMERCADO - CREDITO PRIVADO RESPONSABILIDADE LIMITADA,05410002
SP,33913568000152,DB I CLASSE DE INVESTIMENTO MULTIMERCADO INVESTIMENTO NO EXTERIOR CREDITO PRIVADO,04543011
SP,32203308000120,BNP PARIBAS CASH DI II REFERENCIADO CI EM CLASSES DE INVESTIMENTO RENDA FIXA - RESP LIMITADA,04543011
SP,39723229000190,BLACKROCK ACOES GLOBAIS ESG CLASSE DE INVESTIMENTO SUSTENTAVEL EM ACOES - RESPONSABILIDADE LIMITADA,04543011
MG,35178253000134,MARACA FUNDO DE INVESTIMENTO MULTIMERCADO INVESTIMENTO NO EXTERIOR E CREDITO PRIVADO,30190094
SP,28549930000118,CSHG JIVE DISTRESSED ALLOCATION II FIC DE FIF MULTI CP - RESPONSABILIDADE LIMITADA,05410002
SP,36655944000144,VKR FUNDO DE INVESTIMENTO MULTIMERCADO - CREDITO PRIVADO LONGO PRAZO,05408003
SP,33361831000148,BLACKROCK DYNAMIC HIGH INCOME CLASSE DE INVESTIMENTO MULTIMERCADO RESPONSABILIDADE LIMITADA,04543011
SP,33361657000133,BLACKROCK GLOBAL EVENT DRIVEN CLASSE DE INVESTIMENTO MULTIMERCADO RESPONSABILIDADE LIMITADA,04543011
SP,30282227000138,BNP PARIBAS PREMIUM EQUITIES CI EM CLASSES DE INVESTIMENTO EM ACOES RESP LIMITADA,04543011
MG,41953322000132,INTER INFRA MASTER FIF INCENTIV DE INVESTIMENTO EM INFRA RENDA FIXA CRED PRIV RESP LIMITADA,30190131
RJ,44815107000163,ARF SANTOS DUMONT PREV FIF MULTIMERCADO CREDITO PRIVADO - RESPONSABILIDADE LIMITADA,20031170
SP,01147641000136,MAPFRE SOBERANO CLASSE DE INVESTIMENTO RENDA FIXA - RESPONSABILIDADE LIMITADA,04543011
SP,44680466000150,LGG INVEST FI EM COTAS DE FUNDO DE INVESTIMENTO MULTIMERCADO - CREDITO PRIVADO RESP LIMITADA,04543000
RJ,42081295000118,RIZA STATHEROS MASTER FUNDO DE INVESTIMENTO EM COTAS DE FUNDOS DE INVESTIMENTO MULTIMERCADO CREDITO PRIVADO,22250040
SP,35277363000153,MGC GLOBAL FUNDO DE INVESTIMENTO EM COTAS DE FIDC RESPONSABILIDADE LIMITADA,04543000
SP,42922066000189,HORIZONTE I FUNDO DE INVESTIMENTO FINANCEIRO MULTIMERCADO CREDITO PRIVADO DE RESP LIMITADA,05408003
MG,41036490000163,INTER ACCESS ARBOR FC DE FI FINANCEIRO EM ACOES BDR NIVEL I RESPONSABILIDADE LIMITADA,30190131
MG,42294971000131,INTER INFRA FC DE FIF INCENTIV DE INVEST EM INFRA RENDA FIXA CRED PRIV RESP LIMITADA,30190131
MG,42691990000100,INTER DIVIDENDOS FUNDO DE INVESTIMENTO FINANCEIRO EM ACOES RESPONSABILIDADE LIMITADA,30190131
MG,46729394000114,INTER LOVER FUNDO DE INVESTIMENTO FINANCEIRO MULTIMERCADO RESPONSABILIDADE LIMITADA,30190131
SP,45018608000181,BNP PARIBAS SIGMA INSTITUCIONAL CLASSE DE INVESTIMENTO DE RENDA FIXA LONGO PRAZO - RESP LIMITADA,04543011
SP,02539921000152,BNP PARIBAS RF CLASSE DE INVESTIMENTO DE RENDA FIXA - RESPONSABILIDADE LIMITADA,04543011
SP,44680491000134,GALAXY FUNDO DE INVESTIMENTO EM COTAS DE FUNDOS DE INVESTIMENTO MULTIMERCADO - CREDITO PRIVADO,04543000
RJ,45953169000102,ORAMA TEN FUNDO DE INVESTIMENTO EM ACOES,22250040
RJ,43508144000166,UJAY FUNDO DE INVESTIMENTO EM COTAS DE FUNDOS DE INVESTIMENTO MULTIMERCADO CREDITO PRIVADO 60,22250040
SP,43122453000101,BLACKROCK BDR-EFT CLASSE DE INVESTIMENTO EM ACOES - RESPONSABILIDADE LIMITADA,04543011
MG,42656644000182,IA CARTEIRA CREDITO FC DE FUNDO DE INVESTIMENTO FINANCEIRO MULT CRED PRIV RESPONSABILIDADE LIMITADA,30190131
MG,44104852000102,INTER INFLACAO CURTA FUNDO DE INVESTIMENTO FINANCEIRO RENDA FIXA RESPONSABILIDADE LIMITADA,30190131
SP,45018643000109,BNP PARIBAS PREMIUM MASTER INSTITUCIONAL RF ATIVO CIC DE CLASSES DE INVESTIMENTO RESP LIMITADA,04543011
SP,05090727000120,CLASSE UNICA DO WESTERN ASSET DI MAX RF REFERENCIADO FUNDO DE INVESTIMENTO FINANCEIRO RESP. LIMITADA,04543011
SP,05104498000156,BNP PARIBAS INFLACAO CI EM CLASSES DE INVESTIMENTO RENDA FIXA - RESPONSABILIDADE LIMITADA,04543011
SP,42562105000184,AGILE INVESTE FUNDO DE INVESTIMENTO MULTIMERCADO,04542100
MG,43876638000101,IA CARTEIRA MULT FC DE FUNDO DE INVESTIMENTO FINANCEIRO MULT CRED PRIV RESPONSABILIDADE LIMITADA,30190131
SP,05024659000100,CLASSE UNICA DO WESTERN ASSET MULTITRADING H FI FINANCEIRO MULTIMERCADO - RESP LIMITADA,04543011
SP,45017499000188,BNP PARIBAS MAIS VIDA III CLASSE DE INVESTIMENTO EM CIC MULTIMERCADO CREDITO PRIVADO RESP LIMITADA,04543011
SP,00817677000117,CLASSE UNICA DO WESTERN ASSET ALPHA CREDIT RF FUNDO DE INVESTIMENTO FINANCEIRO CP RESP LIMITADA,04543011
SP,03499367000190,CLASSE UNICA DO WESTERN ASSET RF ATIVO FUNDO DE INVESTIMENTO FINANCEIRO - RESP LIMITADA,04543011
RJ,42260903000151,RIZA STATHEROS FUNDO DE INVESTIMENTO EM COTAS DE FUNDOS DE INVESTIMENTO MULTIMERCADO CREDITO PRIVADO,22250040
SP,43105440000116,BNP PARIBAS SOBERANO II CIC DE CLASSE DE INVESTIMENTO RENDA FIXA SIMPLES - RESP LIMITADA,04543011
SP,40140470000175,BNP PARIBAS INFRA INSTITUCIONAL CI EM CLASSES DE INVESTIMENTO RF SUSTENTAVEL IS - RESP LIMITADA,04543011
SP,02918931000107,BNP PARIBAS MAPFRE MAXI RENDA FIXA CIC DE CLASSES DE INVESTIMENTO PREVIDENCIARIA - RESP LIMITADA,04543011
MG,42295379000154,IG FUNDO DE INVESTIMENTO FINANCEIRO RENDA FIXA CREDITO PRIVADO RESPONSABILIDADE LIMITADA,30190131
MG,42315695000140,INTER ACESS ABSOLUTE VERTEX FC DE FUNDO DE INVESTIMENTO FINANCEIRO MULTIMERCADO,30190131
SP,02918923000152,BNP PARIBAS MAPFRE MAXI 20 MULTIMERCADO CIC COTAS DE CI PREVIDENCIARIA - RESPONSABILIDADE LIMITADA,04543011
SP,44432479000100,BNP PARIBAS PREVINORTE CLASSE DE INVESTIMENTO MULTIMERCADO - RESPONSABILIDADE LIMITADA,04543011
RJ,42754444000162,ISTAMBUL FUNDO DE INVESTIMENTO MULTIMERCADO,20011001
MG,43876172000136,IA CARTEIRA JUROS FC DE FUNDO DE INVESTIMENTO FINANCEIRO MULT CRED PRIV RESPONSABILIDADE LIMITADA,30190131
RJ,02727085000130,FUNDO MUTUO STOCK MAXIMA DE PRIVATIZACAO FGTS,22250906
SP,02668201000197,BNP PARIBAS EQD BRAZIL FUND CLASSE DE INVESTIMENTO MULTIMERCADO CREDITO PRIVADO,04543011
SP,04192419000143,CLASSE UNICA DO WESTERN ASSET RF ATIVO MAX FIF - RESPONSABILIDAE LIMITADA,04543011
SP,37828802000102,AZURE FI EM COTAS DE FUNDOS DE INVESTIMENTO EM DIREITOS CREDITORIOS - RESPONSABILIDADE LIMITADA,04543000
SP,41833315000105,PRODUZ FUNDO DE INVESTIMENTO MULTIMERCADO - INVESTIMENTO NO EXTERIOR,04543000
SP,00819889000133,WESTERN ASSET HEDGE DOLAR FUNDO DE INVESTIMENTO FINANCEIRO CAMBIAL - RESPONSABILIDADE LIMITADA,04543011
SP,14951577000193,BNP PARIBAS MAPFRE RENDA FIXA ATIVO CIC DE CLASSES DE INVESTIMENTO PREVIDENCIARIA - RESP LIMITADA,04543011
SP,17137984000150,BNP PARIBAS MASTER CREDITO PLUS CI RENDA FIXA CREDITO PRIVADO LONGO PRAZO RESPONSABILIDADE LIMITADA,04543011
SP,20378135000100,AX EQUILIBRIUM FI EM COTAS DE FUNDOS DE INVESTIMENTO MULTIMERCADO CREDITO PRIVADO,04543000
SP,21596006000143,MAPFRE HEDGE IGPM PREV CLASSE DE INVESTIMENTO EM CLASSES DE INVESTIMENTO DE RF - RESP LIMITADA,04543011
SP,14167550000104,BNP PARIBAS MASTER IBRX CLASSE DE INVESTIMENTO EM ACOES RESPONSABILIDADE LIMITADA,04543011
SP,16617593000170,BBT ACOES FUNDO DE INVESTIMENTO FINANCEIRO,05425020
MG,20879578000177,INTER CONSERVADOR FUNDO DE INVESTIMENTO FINANCEIRO RENDA FIXA CREDITO PRIVADO RESP LIMITADA,30190131
RJ,14171578000115,OURO PRETO FUNDO DE INVESTIMENTO EM COTAS DE FUNDOS DE INVESTIMENTO MULTIMERCADO CREDITO PRIVADO,22250040
SP,21185984000100,BNP PARIBAS RUBI CIC DE CLASSE DE INVESTIMENTO RENDA FIXA CREDITO PRIVADO RESPONSABILIDADE LIMITADA,04543011
SP,17453850000148,WESTERN ASSET US INDEX 500 FUNDODE INVESTIMENTO FINANCEIRO MULTIMERCADO - RESPONSABILIDADE LIMITADA,04543011
RJ,24372158000150,ARF SANTOS DUMONT FI EM COTAS DE FIF MULTIMERCADO CREDITO PRIVADO INVEST NO EXTERIOR - RESP LIMITADA,20031170
RS,18448137000179,GERAL DIVIDENDO FUNDO DE INVESTIMENTO EM ACOES - RESPONSABILIDADE LIMITADA,90010090
SP,17574820000190,COASTAL FUNDO DE INVESTIMENTO EM ACOES,04538132
SP,17340392000130,JPMORGAN GLOBAL RESEARCH ENHANCED INDEX EQUITY CLASSE DE INVESTIMENTO ACOES IE RESP LIMITADA,04543011
SP,25108905000100,BNP PARIBAS MASTER INFRAESTRUTURA CLASSE DE INVESTIMENTO RENDA FIXA SUSTENTAVEL IS - RESP LIMITADA,04543011
SP,14167491000174,BNP PARIBAS MASTER CASH DI REFERENCIADO CLASSE DE INVESTIMENTO RENDA FIXA - RESP LIMITADA,04543011
SP,22773421000198,CLASSE UNICA DO WESTERN ASSET SOBERANO II RF REFERENCIADO SELIC FI FINANACEIRO - RESP LIMITADA,04543011
SP,12107669000166,BNP PARIBAS MASTER CREDITO SUSTENTAVEL IS CI RENDA FIXA CREDITO PRIVADO LONGO PRAZO - RESP LIMITADA,04543011
SP,16703203000184,WESTERN ASSET PREV IBRX ALPHA ACOES FIC DE FUNDOS DE INVESTIMENTO FINANCEIRO RESP LIMITADA,04543011
SP,16570371000149,BBT MULTIMERCADO FUNDO DE INVESTIMENTO FINANCEIRO,05425020
MG,26089666000151,INTER SELECTION DEBENT INCENT FC DE FIF INCENT DE INVEST EM INFRA RENDA FIXA CRED PRIV RESP LIMITADA,30190131
SP,22809036000153,BNP PARIBAS ICATU SEG CLASSE DE INVESTIMENTO PREVIDENCIARIA RENDA FIXA CRED PRIVADO - RESP LIMITADA,04543011
SP,19831126000136,WESTERN ASSET FUNDO DE INVESTIMENTO FINANCEIRO ACOES BDR NIVEL I - RESPONSABILIDADE LIMITADA,04543011
SP,17517577000178,CLASSE UNICA DO WESTERN ASSET IMA-B5 ATIVO FUNDO DE INVESTIMENTO FINANCEIRO RF - RESP LIMITADA,04543011
SP,05754066000190,CLASSE UNICA DO AGATA FUNDO DE INVESTIMENTO FINANCEIRO MULTIMERCADO CREDITO PRIVADO LONGO PRAZO,04543011
SP,07939851000143,CLASSE UNICA ICEBERG FUNDO DE INVESTIMENTO MULTIMERCADO CREDITO PRIVADO LONGO PRAZO,04543011
SP,07965741000156,BNP PARIBAS PREMIUM MULTIMERCADO CIC DE CLASSES DE INVESTIMENTO RESPONSABILIDADE LIMITADA,04543011
SP,09284554000132,MAPFRE RESERVAS CLASSE DE INVESTIMENTO RENDA FIXA - RESPONSABILIDADE LIMITADA,04543011
SP,07657641000162,BNP PARIBAS ACCESS DISRUPTIVE TECHNOLOGY CLASSE DE INVESTIMENTO EM ACOES - RESPONSABILIDADE LIMITADA,04543011
SP,09087301000179,CLASSE UNICA DO WESTERN ASSET IMA-B ATIVO FI FINANCEIRO RF RESPONSABILIDADE LIMITADA,04543011
SP,08771975000125,BNP PARIBAS PROPRIETARIO CLASSE DE INVESTIMENTO MULTIMERCADO CREDITO PRIVADO,04543011
SP,07672392000184,WESTERN ASSET LONG & SHORT FUNDODE INVESTIMENTO FINANCEIRO MULTIMERCADO - RESPONSABILIDADE LIMITADA,04543011
SP,07110963000197,CLASSE UNICA DO MAPLE FUNDO DE INVESTIMENTO FINANCEIRO MULTIMERCADO CP INVESTIMENTO NO EXTERIOR,04543011
SP,05627929000169,MAPFRE EMPRESAS CLASSE DE INVESTIMENTO RENDA FIXA - RESPONSABILIDADE LIMITADA,04543011
RJ,09315625000117,SECURITY RENDA FIXA REFERENCIADO DI LONGO PRAZO CREDITO PRIVADO,20031170
SP,09087483000188,WESTERN ASSET DIVIDEND YIELD FUNDO DE INVESTIMENTO FINANCEIRO EM ACOES - RESPONSABILIDADE LIMITADA,04543011
MG,08815386000100,INTER SELECTION ACOES FC DE FUNDO DE INVESTIMENTO FINANCEIRO EM ACOES RESPONSABILIDADE LIMITADA,30190131
SP,05862906000139,BNP PARIBAS TARGUS CLASSE DE INVESTIMENTO EM COTAS DE CLASSE DE INVESTIMENTO RF CP RESP LIMITADA,04543011
SP,09228836000112,HORIZON CLASSE DE INVESTIMENTO MULTIMERCADO CREDITO PRIVADO INVESTIMENTO NO EXTERIOR,04543011
SP,09087523000191,CLASSE UNICA DO WESTERN ASSET VALUATION FUNDODE INVESTIMENTO FINANCEIRO EM ACOES - RESP LIMITADA,04543011
SP,07110975000111,CLASSE UNICA DO OAK FUNDO DE INVESTIMENTO FINANCEIRO MULTIMERCADO CP INVESTIMENTO NO EXTERIOR,04543011
SP,37088071000106,MERU REAL ESTATE III FUNDO DE INVESTIMENTO EM PARTICIPACOES MULTIESTRATEGIA IE RESP LIMITADA,04543000
SP,50275622000109,ROHT FUNDO DE INVESTIMENTO IMOBILIARIO RESPONSABILIDADE LIMITADA,04543000
SP,44680435000108,OCTO FUNDO DE INVESTIMENTO IMOBILIARIO RESPONSABILIDADE LIMITADA,04543000
SP,18929680000198,BRIO REAL ESTATE FUNDO DE INVESTIMENTO EM PARTICIPACOES MULTIESTRATEGIA - RESPONSABILIDADE LIMITADA,05410002
SP,44108111000191,PCS II HEALTHCARE FUNDO DE INVESTIMENTO EM PARTICIPACOES,05408003
SP,31570611000107,MONT BLANC BRASIL PARTNERS I H - FIP MULTIESTRATEGIA INVESTIMENTO NO EXTERIOR RESP LIMITADA,04543000
PA,07144604000150,FUNDO BASA DE INVESTIMENTO FINANCEIRO SELETO ''2'',66017000
SP,46778844000169,FLAMA SPECIAL RETURN FUNDO DE INVESTIMENTO EM PARTICIPACOES MULTIESTRATEGIA,04543000
SP,46282024000181,CRIXUS SPECIAL RETURN FUNDO DE INVESTIMENTO EM PARTICIPACOES MULTIESTRATEGIA RESP LIMITADA,04543000
SP,46782474000133,CONTEA CAPITAL TRENTO FUNDO DE INVESTIMENTO EM PARTICIPACOES MULTIESTRATEGIA RESPONSABILIDADE LIMITA,04543000
MG,42923073000103,EXITUM FUNDO DE INVESTIMENTO EM PARTICIPACOES MULTIESTRATEGIA,30190094
SP,15296704000120,GLP INVESTIMENTOS III FUNDO DE INVESTIMENTO EM PARTICIPACOES MULTIESTRATEGIA,05422001
RJ,49252656000190,AZ QUEST INFRA YIELD FUNDO DE INVESTIMENTO EM PARTICIPACOES EM INFRAESTRUTURA,22250911
SP,44680449000113,ID 203 FUNDO DE INVESTIMENTO IMOBILIARIO - FII,04543000
SP,30871793000185,CAPITOLIO BRASIL PARTNERS I G FUNDO DE INVESTIMENTO EM PARTICIPACOES MULTIESTRATEGIA IE RES LIMITADA,04543000
SP,44638527000111,GALAXY FUNDO DE INVESTIMENTO EM PARTICIPACOES MULTIESTRATEGIA,04543000
PA,07143386000130,FUNDO BASA DE INVESTIMENTO FINANCEIRO CURTO PRAZO ''2'',66017000
SP,26545537000120,AGUNG BRASIL PARTNERS I D - FUNDO DE INVESTIMENTO EM PARTICIPACOES MULTIESTRATEGIA IE RESP LIMITADA,04543000
SP,51295092000115,LEGATUM FUNDO DE INVESTIMENTO IMOBILIARIO RESPONSABILIDADE LIMITADA,04543000
SP,34509036000117,MAKALU BRASIL PARTNERS I J FIP MULTIESTRATEGIA INVESTIMENTO NO EXTERIOR RESPONSABILIDADE LIMITADA,04543000
SP,30687646000150,ELIPSE II FUNDO DE INVESTIMENTO EM PARTICIPACOES,05408003
SP,01964775000140,FUNDO DE INVESTIMENTO IMOBILIARIO GEO GUARARAPES,04543000
SP,47463511000103,EP FUNDO DE INVESTIMENTO EM PARTICIPACOES MULTIESTRATEGIA RESPONSABILIDADE LIMITADA,05410002
SP,51033013000106,SILVERBAY CAPITAL FUNDO DE INVESTIMENTO EM PARTICIPACOES MULTIESTRATEGIA,04543000
MG,42692399000169,INTER AMERRA FIAGRO FUNDO DE INVESTIMENTO IMOBILIARIO RESPONSABILIDADE LIMITADA,30190131
SP,44870636000160,CAATINGA CAPITAL FUNDO DE INVESTIMENTO EM PARTICIPACOES EM EMPRESAS EMERGENTES,05422001
SP,43619349000119,BR PARTNERS PET FUNDO DE INVESTIMENTO EM PARTICIPACOES MULTIESTRATEGIA,05422001
SP,52116361000100,NU IBOV SMART DIVIDENDOS CLASSE DE INDICE - RESPONSABILIDADE LIMITADA,04543011
SP,13451738000117,CLASSE DE INVESTIMENTO EM COTAS DE FIP PATRIA PRIVATE EQUITY IV - RESP LIMITADA,04543011
SP,48900133000140,PCS II FEEDER BRASIL FUNDO DE INVESTIMENTO EM PARTICIPACOES,05408003
SP,52356865000199,ATLAS FUNDO DE INVESTIMENTO IMOBILIARIO RESPONSABILIDADE LIMITADA,04543000
SP,29843196000168,FUNDO DE INVESTIMENTO EM PARTICIPACOES MULTIESTRATEGIA INOVACAO E TECNOLOGIA - RESP LIMITADA,05410002
SP,43106870000152,SALTO BOTELHO AGROENERGIA FUNDO DE INVESTIMENTO EM PARTICIPACOES MULTI -RESPONSABILIDADE LIMITADA,05410002
SP,41081374000166,VINCI CREDIT SECURITIES FUNDO DE INVESTIMENTO IMOBILIARIO - RESPONSABILIDADE LIMITADA,05410002
SP,28850140000178,FUNDO DE FINANCIAMENTO DA INDUSTRIA CINEMATROGRAFICA NACIONAL - FUNCINE - TIM,04543000
SP,39581746000171,EIGER BRASIL PARTNERS I O FUNDO DE INVESTIMENTO EM PARTICIPACOES MULTIESTRATEGIA IE RESP LIMITADA,04543000
RJ,49592781000140,BLUECAP LOG FUNDO DE INVESTIMENTO IMOBILIARIO,22250911
SP,48964604000184,GRIFFIN FUNDO DE INVESTIMENTO IMOBILIARIO,04543000
SP,39447231000183,MONTE CARLO FUNDO DE INVESTIMENTO EM PARTICIPACOES CAPITAL-SEMENTE RESPONSABILIDADE LIMITADA,04543000
SP,27486551000163,KILIMANJARO BRASIL PARTNERS I B - FUNDO DE INVESTIMENTO EM PARTICIPACOES MULTIESTRATEGIA IE RESP LIM,04543000
SP,32140484000160,PSS PRINCIPAL FUNDO DE INVESTIMENTO EM PARTICIPACOES,05408003
SP,21613190000192,FUNDO DE INVESTIMENTO EM PARTICIPACOES PANAMBY HOTEIS - MULTIESTRATEGIA RESPONSABILIDADE LIMITADA,05410002
SP,42627796000157,EUV SP 2 FUNDO DE INVESTIMENTO EM PARTICIPACOES MULTIESTRATEGIA,05408003
SP,15018580000111,GLP INVESTIMENTOS FUNDO DE INVESTIMENTO EM PARTICIPACOES MULTIESTRATEGIA,05422001
SP,41922654000150,VC NETWORK FUNDO DE INVESTIMENTO EM PARTICIPACOES MULTIESTRATEGIA - INVESTIMENTO NO EXTERIOR,05422001
SP,44603407000189,PETRONIA ENERGIA DESENVOLVIMENTO I FIP MULTIESTRATEGIA - RESPONSABILIDADE LIMITADA,05422001
SP,52116337000162,NU RENDA IBOV SMART DIVIDENDOS CLASSE DE INDICE - RESPONSABILIDADE LIMITADA,04543011
SP,48992508000140,SUZUKA FUNDO DE INVESTIMENTO EM PARTICIPACOES MULTIESTRATEGIA RESPONSABILIDADE LIMITADA,04543000
SP,35725626000140,PSS ENERGY FUNDO DE INVESTIMENTO EM PARTICIPACOES,05408003
MG,36293425000183,INTER TEVA INDICE DE TIJOLO FUNDO DE INVESTIMENTO IMOBILIARIO FII RESPONSABILIDADE LIMITADA,30190131
SP,29323865000170,BRAZIL FITNESS INVESTORS - FIP MULTIESTRATEGIA INVESTIMENTO NO EXTERIOR RESP LIMITADA,04543000
SP,11283444000106,NOVA PARTICIPACOES - FUNDO DE INVESTIMENTO EM PARTICIPACOES MULTIESTRATEGIA,04571050
SP,50071531000143,KMP GROWTH CAPITAL FUND II FUNDO DE INVESTIMENTO EM PARTICIPACOES MULTI - RESPONSABILIDADE LIMITADA,05410002
RJ,50750438000165,RIZA DOMUS FUNDO DE INVESTIMENTO IMOBILIARIO,22250911
SP,38249518000136,MOGIANA FUNDO DE INVESTIMENTO EM PARTICIPACOES MULTIESTRATEGIA,04543000
SP,14311936000148,PATRIMONIAL BLUE - FUNDO DE INVESTIMENTO EM PARTICIPACOES MULTIESTRATEGIA,04538132
SP,35654738000157,RODOVIAS DO TIETE FUNDO DE INVESTIMENTO EM PARTICIPACOES EM INFRAESTRUTURA RESPONSABILIDADE LIMITADA,04543000
SP,39347413000182,FUNDO DE INVESTIMENTO IMOBILIARIO HOSPITAL UNIMED CAMPINA GRANDE,01451001
SP,18579353000153,VESUVIUS LBO - FUNDO DE INVESTIMENTO EM PARTICIPACOES MULTIESTRATEGIA IE RESP LIMITADA,04543000
SP,18356327000166,INVESTIMENTOS FLORESTAIS FUNDO DE INVESTIMENTO EM PARTICIPACOES,04794000
MG,34598181000111,INTER LOGISTICO FUNDO DE INVESTIMENTO IMOBILIARIO FII RESPONSABILIDADE LIMITADA,30190131
SP,14769978000127,TELLES FUNDO DE INVESTIMENTO EM PARTICIPACOES - MULTIESTRATEGIA,04543000
SP,09110175000126,BROOKFIELD BRAZIL TIMBER FUNDO DE INVESTIMENTO EM PARTICIPACOES,04794000
SP,35137939000187,MANASLU BRASIL PARTNERS I K FUNDO DE INVESTIMENTO EM PARTICIPACOES MULTIESTRATEGIA IE RESP LIMITADA,04543000
SP,17198500000182,SB FUNDO DE INVESTIMENTO NAS CADEIAS PRODUTIVAS AGROINDUSTRIAIS - FIAGRO - IMOBILIARIO,05410002
SP,48373428000106,CIX PONTA NEGRA FUNDO DE INVESTIMENTO IMOBILIARIO RESPONSABILIDADE LIMITADA,04543000
SP,15437768000102,FUNDO DE INVESTIMENTO EM PARTICIPACOES RPEV1 BRAZIL MULTI IE RESPONSABILIDADE LIMITADA,05410002
SP,43236479000172,ARIEN ENERGY VENTURES I FUNDO DE INVESTIMENTO EM PARTICIPACOES EM INFRAESTRUTURA RESP LIMITADA,04543000
MG,33354650000194,FUNDO DE INVESTIMENTO IMOBILIARIO AVM FII RESPONSABILIDADE LIMITADA,30190131
SP,37087982000100,LHOTSE BRASIL PARTNERS I N - FUNDO DE INVESTIMENTO EM PARTICIPACOES MULTIESTRATEGIA IE RESP LIMITADA,04543000
SP,45788850000134,GIP HELIOS FUNDO DE INVESTIMENTO EM PARTICIPACOES MULTIESTRATEGIA,05422001
SP,21254224000108,GREEN FUNDO DE INVESTIMENTO EM PARTICIPACOES MULTIESTRATEGIA - RESPONSABILIDADE LIMITADA,05410002
SP,12271294000175,FIX METALICO FUNDO DE INVESTIMENTO EM PARTICIPACOES MULTIESTRATEGIA,04538132
SP,49637003000120,BAY INVEST FUNDO DE INVESTIMENTO EM PARTICIPACOES MULTIESTRATEGIA,04543000
SP,18653128000110,ETNA LBO V FUNDO DE INVESTIMENTO EM PARTICIPACOES MULTIESTRATEGIA IE RESPONSABILIDADE LIMITADA,04543000
SP,17213759000155,FUNDO DE INVESTIMENTO EM PARTICIPACOES FONTAINE VILLE URBANISMO,04542100
SP,36731458000168,KRONOS FUNDO DE INVESTIMENTO IMOBILIARIO,04543000
SP,22802858000102,EVEREST BRASIL PARTNERS I - FUNDO DE INVESTIMENTO EM PARTICIPACOES MULTIESTRATEGIA IE RESP LIMITADA,04543000
SP,22219279000131,QUARTZO RUTILO FUNDO DE INVESTIMENTO EM PARTICIPACOES MULTIESTRATEGIA,04538132
SP,30871738000195,DENALI BRASIL PARTNERS I F FUNDO DE INVESTIMENTO EM PARTICIPACOES MULTIESTRATEGIA IE RESP LIMITADA,04543000
SP,48328958000132,STAR VENTURES FUNDO DE INVESTIMENTO EM PARTICIPACOES MULTIESTRATEGIA IE - RESPONSABILIDADE LIMITADA,05422001
MG,27882134000130,APOLO FUNDO DE INVESTIMENTO IMOBILIARIO,30190094
SP,06905783000139,INVESTIMAGE 2 - FUNDO DE FINANCIAMENTO DA INDUSTRIA CINEMATOGRAFICA NACIONAL - FUNCINE,04543000
SP,34736474000118,RBR DESENVOLVIMENTO COMERCIAL I - FUNDO DE INVESTIMENTO IMOBILIARIO RESPONSABILIDADE LIMITADA,05410002
SP,42736004000182,PCS II COSTA ESMERALDA FUNDO DE INVESTIMENTO EM PARTICIPACOES INFRAESTRUTURA,05408003
SP,40311750000107,FEEAGRO FUNDO DE INVESTIMENTO EM PARTICIPACOES - CAPITAL SEMENTE RESPONSABILIDADE LIMITADA,04543000
RJ,21331225000109,EDUCACAO BR FUNDO DE INVESTIMENTO EM PARTICIPACOES,20040909
SP,23781192000116,GLP INVESTIMENTOS IV FUNDO DE INVESTIMENTO EM PARTICIPACOES MULTIESTRATEGIA,05422001
SP,24764405000164,AEROTEC - FUNDO DE INVESTIMENTO EM PARTICIPACOES MULTIESTRATEGIA,04543000
SP,50808042000121,VBI TR FARIA LIMA 4440 FUNDO DE INVESTIMENTO IMOBILIARIO,05425020
SP,46268214000144,ORE FOSFATO MORRO VERDE FUNDO DE INVESTIMENTO EM PARTICIPACOES - MULTIESTRATEGIA RESPONSABILIDADE LI,05422001
SP,14217108000145,FUNDO DE INVESTIMENTO IMOBILIARIO INDUSTRIAL DO BRASIL,01451001
SP,23700564000132,LUNA FUNDO DE INVESTIMENTO EM PARTICIPACOES MULTIESTRATEGIA,04543000
SP,39976918000106,OCA FUNDO DE INVESTIMENTO EM PARTICIPACOES EM EMPRESAS EMERGENTES,05422001
SP,48373413000148,CIX ITAPURANGA FUNDO DE INVESTIMENTO IMOBILIARIO RESPONSABILIDADE LIMITADA,04543000
RJ,01356517000180,LAGRA-FUNDO DE INVESTIMENTO IMOBILIARIO,20040000
SP,12834634000129,FUNDO DE INVESTIMENTO EM PARTICIPACOES BRASIL DE PRIVATE EQUITY III MULTIESTRATEGIA - EM LIQUIDACAO,05410002
SP,51339815000130,AVT LOG FUNDO DE INVESTIMENTO EM PARTICIPACOES INFRAESTRUTURA,04543000
RJ,24768711000179,OPUS MEDICAL - FUNDO DE INVESTIMENTO EM PARTICIPACOES MULTIESTRATEGIA INVESTIMENTO NO EXTERIOR,22440032
SP,39784273000100,GO PRO ENERGIA FUNDO DE INVESTIMENTO EM PARTICIPACOES MULTIESTRATEGIA,04543000
SP,48389780000130,CIX MUIRAQUITAN FUNDO DE INVESTIMENTO IMOBILIARIO RESPONSABILIDADE LIMITADA,04543000
SP,21917293000146,GAUDI FUNDO DE INVESTIMENTO EM PARTICIPACOES MULTIESTRATEGIA,05410002
SP,44570797000138,VSG I FUNDO DE INVESTIMENTO EM PARTICIPACOES MULTIESTRATEGIA,04543000
SP,16734970000150,ICP - FUNDO DE INVESTIMENTO EM PARTICIPACOES MULTIESTRATEGIA INVESTIMENTO NO EXTERIOR,04543000
MG,36098375000183,BTSP I FUNDO DE INVESTIMENTO IMOBILIARIO FII RESPONSABILIDADE LIMITADA,30190131
SP,36115022000144,SAVANA FUNDO DE INVESTIMENTO EM PARTICIPACOES MULTIESTRATEGIA,04538132
SP,44638491000176,MATECH PAR FUNDO DE INVESTIMENTO EM PARTICIPACOES CAPITALSEMENTE,04543000
SP,43236423000118,CLOUD9 CAPITAL FUNDO DE INVESTIMENTO EM PARTICIPACOES MULTIESTRATEGIA,05422001
SP,10500895000187,INVESTIMAGE 1 FUNDO DE FINANCIAMENTO DA INDUSTRIA CINEMATOGRAFICA NACIONAL - FUNCINE,04543000
RJ,45254732000146,POXIM FUNDO DE INVESTIMENTO IMOBILIARIO RESPONSABILIDADE LIMITADA,22250906
MG,36312772000106,INTER TEVA INDICE DE PAPEL FUNDO DE INVESTIMENTO IMOBILIARIO FII RESPONSABILIDADE LIMITADA,30190131
SP,14067624000130,FUNDO DE INVESTIMENTO EM PARTICIPACOES EM HOTELARIA MULTIESTRATEGIA,04538132
SP,51476870000172,DELTA FUNDO DE INVESTIMENTO IMOBILIARIO,04543000
SP,47983885000150,AXA IM SILVANUS FUND FUNDO DE INVESTIMENTO EM PARTICIPACOES MULTIESTRATEGIA RESPONSABILIDADE LIMITAD,05422001
SP,50399189000105,FUNDO DE INVESTIMENTO IMOBILIARIO DE UNIDADES AUTONOMAS III RESPONSABILIDADE LIMITADA,04543000
SP,33240249000123,KILAUEA BRASIL PARTNERS II - FUNDO DE INVESTIMENTO EM PARTICIPACOES MULTIESTRATEGIA IE RESP LIMITADA,04543000
SP,50226162000110,SANVI FUNDO DE INVESTIMENTO EM PARTICIPACOES CAPITAL-SEMENTE,04543000
SP,29315301000196,FUJI BRASIL PARTNERS I C - FIP MULTIESTRATEGIA INVESTIMENTO NO EXTERIOR RESP LIMITADA,04543000
SP,22601577000191,FUNDO DE INVESTIMENTO EM PARTICIPACOES VOCATUS MULTIESTRATEGIA RESP LIMITADA,04543000
MG,11044355000107,STARX FUNDO DE INVESTIMENTO IMOBILIARIO FII RESPONSABILIDADE LIMITADA,30190131
MG,36930464000144,BTSP II FUNDO DE INVESTIMENTO IMOBILIARIO FII RESPONSABILIDADE LIMITADA,30190131
SP,30130708000128,KINEA HIGH YIELD CRI FUNDO DE INVESTIMENTO IMOBILIARIO RESPONSABILIDADE LIMITADA,04538132
SP,49963885000113,ALPHA FUNDO DE INVESTIMENTO EM PARTICIPACOES MULTIESTRATEGIA,04543000
SP,39412078000159,BELLAGIO FUNDO DE INVESTIMENTO EM PARTICIPACOES MULTIESTRATEGIA RESPONSABILDADE LIMITADA,04543000
SP,40670750000195,B10 FUNDO DE INVESTIMENTOS EM PARTICIPACOES MULTIESTRATEGIA,04538132
SP,18402048000191,SANTA MARINA CLASSE DE INVESTIMENTO EM PARTICIPACOES MULTIESTRATEGIA - RESPONSABILIDADE LIMITADA,04543011
SP,49112611000110,ID GOIANA FUNDO DE INVESTIMENTO FIAGRO IMOBILIARIO,04543000
SP,52324762000147,FUNDO DE INVESTIMENTO IMOBILIARIO DE UNIDADES AUTONOMAS IV,04543000
SP,32162536000108,PSS SMALL FUNDO DE INVESTIMENTO EM PARTICIPACOES MULTIESTRATEGIA INVESTIMENTO NO EXTERIOR,05408003
SP,32222912000102,PRIME REAL ESTATE FUNDO DE INVESTIMENTO IMOBILIARIO RESPONSABILIDADE LIMITADA,04538132
SP,23120075000101,GLP INVESTIMENTOS VII FUNDO DE INVESTIMENTO EM PARTICIPACOES MULTIESTRATEGIA,05422001
SP,11249598000173,AGRIFARM FUNDO DE INVESTIMENTO EM PARTICIPACOES MULTIESTRATEGIA,04552040
SP,24701488000142,BREOF III - FUNDO DE INVESTIMENTO EM PARTICIPACOES MULTIESTRATEGIA - RESPONSABILIDADE LIMITADA,05410002
SP,07644864000195,CINE AA FUNDO DE FINANCIAMENTO DA INDUSTRIA CINEMATOGRAFICA NACIONAL - FUNCINE,04538132
SP,51804355000174,COPEL VENTURES I FUNDO DE INVESTIMENTO EM PARTICIPACOES - EMPRESAS EMERGENTES RESP LIMITADA,05422001
SP,46780646000130,PC 78 FUNDO DE INVESTIMENTO EM PARTICIPACOES MULTIESTRATEGIA,05422001
SP,27368761000157,GLP INVESTIMENTOS V FUNDO DE INVESTIMENTO EM PARTICIPACOES - MULTIESTRATEGIA,05422001
RS,01497954000114,FUNDO DE INVESTIMENTO IMOBILIARIO MISTRAL,90010090
SP,11326746000106,TAG GR IV - FUNDO DE INVESTIMENTO IMOBILIARIO DE RESPONSABILIDADE LIMITADA,05425020
SP,29315285000131,OIKOS FUNDO DE INVESTIMENTO EM PARTICIPACOES MULTIESTRATEGIA - RESPONSABILIDADE LIMITADA,05410002
RJ,16685929000131,FUNDO DE INVESTIMENTO IMOBILIARIO MACAM SHOPPING RESPONSABILIDADE LIMITADA,22250906
SP,34644159000160,PATRIA INFRAESTRUTURA IV FEEDER-D FUNDO DE INVESTIMENTO EM PARTICIPACOES MULTI RESP LIMITADA,05410002
MG,34835191000123,INTER RESIDENCE FUNDO DE INVESTIMENTO IMOBILIARIO FII RESPONSABILIDADE LIMITADA,30190131
SP,40054913000105,BLUECAP DESENVOLVIMENTO LOGISTICO I FUNDO DE INVESTIMENTOIMOBILIARIO - FII RESPONSABILIDADE LIMITADA,05410002
SP,05437916000127,FUNDO DE INVESTIMENTO IMOBILIARIO EUROPAR,01451001
SP,41114606000135,FUNDO DE INVESTIMENTO IMOBILIARIO UNIMED INVESTCOOP NACIONAL,01451001
SP,47166761000181,EUV GLADIATOR FUNDO DE INVESTIMENTO EM PARTICIPACOES MULTIESTRATEGIA,05408003
SP,24874305000190,BREF III FUNDO DE INVESTIMENTO EM PARTICIPACOES MULTIESTRATEGIA RESPONSABILIDADE LIMITADA,05410002
SP,15049586000156,GLP INVESTIMENTOS II FUNDO DE INVESTIMENTO EM PARTICIPACOES MULTIESTRATEGIA,05422001
SP,46929994000126,GRATIAM FLOW FUNDO DE INVESTIMENTO EM DIREITOS CREDITORIOS MULTISSETORIAL RESPONSABILIDADE LIMITADA,04543000
SP,44680388000194,ACELERA VAREJO FUNDO DE INVESTIMENTO EM DIREITOS CREDITORIOS RESPONSABILIDADE LIMITADA,04543000
SP,48502650000161,SILVERSTONE FUNDO DE INVESTIMENTO EM DIREITOS CREDITORIOS NAO-PADRONIZADOS RESPONSABILIDADE LIMITADA,04543000
SP,42860984000120,CONDOBLUE I FUNDO DE INVESTIMENTO EM DIREITOS CREDITORIOS RESPONSABILIDADE LIMITADA,04543000
SP,51292131000120,SPESI I FUNDO DE INVESTIMENTO EM DIREITOS CREDITORIOS NAO-PADRONIZADOS MULTISSETORIAL RESP LIMITADA,04543000
SP,45019002000160,WAY ENGELUZ FUNDO DE INVESTIMENTO EM DIREITOS CREDITORIOS RESPONSABILIDADE LIMITADA,04543000
SP,27938258000190,AGUIA FI EM COTAS DE FUNDOS DE INVESTIMENTO EM DIREITOS CREDITORIOS RESPONSABILIDADE LIMITADA,04543000
SP,50818107000110,READING FUNDO DE INVESTIMENTO EM DIREITOS CREDITORIOS NAO-PADRONIZADOS RESPONSABILIDADE LIMITADA,04543000
RJ,43616501000100,INSUMOS MILENIO TERRAMAGNA FUNDO DE INVESTIMENTO NAS CADEIAS PRODUTIVAS AGROINDUSTRIAIS FIAGRO - DIREITOS CREDITORIOS,22640102
SP,34553995000130,MANHATTAN FUNDO DE INVESTIMENTO EM DIREITOS CREDITORIOS NAO-PADRONIZADOS RESPONSABILIDADE LIMITADA,04543000
RJ,47388724000118,3R - FUNDO DE INVESTIMENTO EM DIREITOS CREDITORIOS NAO PADRONIZADOS RESPONSABILIDADE LIMITADA,20011001
SP,45722284000168,FIDC CANAAN - FUNDO DE INVESTIMENTO EM DIREITOS CREDITORIOS RESPONSABILIDADE LIMITADA,04543000
SP,51539073000197,GERIZIM FUNDO DE INVESTIMENTO EM DIREITOS CREDITORIOS NAO PADRONIZADOS,04543000
SP,50995214000113,ORION FUNDO DE INVESTIMENTO EM DIREITOS CREDITORIOS RESPONDABILIDADE LIMITADA,04543000
SP,49920326000126,BDR KYIV FUNDO DE INVESTIMENTO EM DIREITOS CREDITORIOS - FIDC,04543000
SP,35686949000171,GREEN WAY I FUNDO DE INVESTIMENTO EM DIREITOS CREDITORIOS NAO PADRONIZADOS,04543000
RJ,42700668000191,GRAND - FUNDO DE INVESTIMENTO EM DIREITOS CREDITORIOS NAO PADRONIZADOS RESPONSABILIDADE LIMITADA,20011001
SP,52174102000127,BYX CONSIGNADO MULTICONVENIOS FUNDO DE INVESTIMENTO EM DIREITOS CREDITORIOS RESP LIMITADA,04543000
SP,50963249000170,BOREAL I FUNDO DE INVESTIMENTO EM DIREITOS CREDITORIOS COMERCIAL - RESPONSABILIDADE LIMITADA,04543000
SP,43721652000128,TELECOM BANK I FUNDO DE INVESTIMENTO EM DIREITOS CREDITORIOS RESPONSABILIDADE LIMITADA,04543000
SP,46929959000107,BUCAREST BANCO FUNDO DE INVESTIMENTO EM DIREITOS CREDITORIOS INDUSTRIAL - RESPONSABILIDADE LIMITADA,04543000
SP,52349539000154,Z5 FUNDO DE INVESTIMENTO EM DIREITOS CREDITORIOS MULTISSETORIAL - RESPONSABILIDADE LIMITADA,04543000
SP,48513136000121,GALGA FUNDO DE INVESTIMENTO EM DIREITOS CREDITORIOS-RESPONSABILIDADE LIMITADA,04543000
SP,47279999000113,DAYCOVAL D408 FUNDO DE INVESTIMENTO MULTIMERCADO,05425020
SP,41579637000161,MGW ATIVOS FUNDO DE INVESTIMENTO EM DIREITOS CREDITORIOS RESPONSABILIDADE LIMITADA,04543000
SP,33498764000108,BRAFIC FUNDO DE INVESTIMENTO EM DIREITOS CREDITORIOS NAO-PADRONIZADOS RESPONSABILIDADE LIMITADA,04543000
SP,08621199000187,FAMCRED FUNDO DE INVESTIMENTO EM DIREITOS CREDITORIOS NAO-PADRONIZADOS RESPONSABILIDADE LIMITADA,04543000
SP,45899588000103,FIDUCIA FUNDO DE INVESTIMENTO EM DIREITOS CREDITORIOS NAO-PADRONIZADOS,04543000
SP,45019040000113,AFL INVEST FUNDO DE INVESTIMENTO EM DIREITOS CREDITORIOS NAO-PADRONIZADOS RESP LIMITADA,04543000
SP,32907653000145,CROWN OCEAN CAPITAL IV FUNDO DE INVESTIMENTO EM DIREITOS CREDITORIOS NAO PADRONIZADOS,04543000
SP,49223648000116,PHILADELPHIA FUNDO DE INVESTIMENTO EM DIREITOS CREDITORIOS NAOPADRONIZADOS RESPONSABILIDADE LIMITADA,04543000
SP,47372688000102,PHX FUNDO DE INVESTIMENTO EM DIREITOS CREDITORIOS NAO-PADRONIZADOS RESPONSABILIDADE LIMITADA,04543000
SP,45521649000196,FIDC SINAI MACRO FUNDO DE INVESTIMENTO EM DIREITOS CREDITORIOS NAO PADRONIZADO RESP LIMITADA,04543000
SP,42357817000161,CONCRETO FUNDO DE INVESTIMENTO EM DIREITOS CREDITORIOS NAO PADRONIZADOS RESP LIMITADA,04543000
SP,50462226000182,PENSILVANIA FUNDO DE INVESTIMENTO EM DIREITOS CREDITORIOS NAO-PADRONIZADOS RESPONSABILIDADE LIMITADA,04543000
SP,36412972000130,VKR FUNDO DE INVESTIMENTO EM DIREITOS CREDITORIOS RESPONSABILIDADE LIMITADA,05408003
SP,37651102000187,BARCELONA FUNDO DE INVESTIMENTO EM DIREITOS CREDITORIOS RESPONSABILIDADE LIMITADA,04543000
SP,50312715000158,PFC FUNDO DE INVESTIMENTO EM DIREITOS CREDITORIOS NAO PADRONIZADO,04543000
SP,32321319000105,BRAFIC CONSTRUCAO CIVIL FI EM DIREITOS CREDITORIOS NAO-PADRONIZADOS RESPONSABILIDADE LIMITADA,04543000
SP,42196361000103,GRIFFIN INVESTMENTS FUNDO DE INVESTIMENTO EM DIREITOS CREDITORIOS NAO PADRONIZADOS RESP LIMITADA,04543000
SP,50948197000163,CESSIONARIO 2 FUNDO DE INVESTIMENTO EM DIREITOS CREDITORIOS NAO-PADRONIZADOS RESP LIMITADA,04543000
SP,46557432000107,ACELERA CASH FUNDO DE INVESTIMENTO EM DIREITOS CREDITORIOS,04543000
SP,45521676000169,HAWKER FUNDO DE INVESTIMENTO EM DIREITOS CREDITORIOS NAO PADRONIZADOS,04543000
SP,50948092000104,CESSIONARIO 1 FUNDO DE INVESTIMENTO EM DIREITOS CREDITORIOS NAO-PADRONIZADOS RESP LIMITADA,04543000
SP,43648593000100,FC MONEY FUNDO DE INVESTIMENTO EM DIREITOS CREDITORIOS RESPONSABILIDADE LIMITADA,04543000
SP,45899460000131,VOLUS FUNDO DE INVESTIMENTO EM DIREITOS CREDITORIOS NAO-PADRONIZADOS RESPONSABILIDADE LIMITADA,04543000
SP,45721977000136,MONARCA FI EM COTAS DE FUNDOS DE INVESTIMENTO EM DIREITOS CREDITORIOS RESPONSABILIDADE LIMITADA,04543000
SP,28849641000134,SQUID FUNDO DE INVESTIMENTO EM DIRETOS CREDITORIOS,04543000
SP,36741133000166,AFRICA FUNDO DE INVESTIMENTO MULTIMERCADO RESPONSABILIDADE LIMITADA,04543000
SP,50184026000105,AMALFI FUNDO DE INVESTIMENTO EM DIREITOS CREDITORIOS RESPONSABILIDADE LIMITADA,04543000
SP,36741161000183,NANBAN FUNDO DE INVESTIMENTO EM DIREITOS CREDITORIOS NAO PADRONIZADOS RESPONSABILIDADE LIMITADA,04543000
SP,51199121000145,2MONEY FUNDO DE INVESTIMENTO EM DIREITOS CREDITORIOS NAO-PADRONIZADOS RESPONSABILIDADE LIMITADA,04543000
SP,45019108000164,UJAY SPARTA CAPITAL FUNDO DE INVESTIMENTO EM DIREITOS CREDITORIOS NAO-PADRONIZADOS FIDC NP,04543000
SP,09194841000151,ATLANTICO FUNDO DE INVESTIMENTO EM DIREITOS CREDITORIOS RESPONSABILIDADE LIMITADA,04543000
SP,49176545000142,RIVER II FUNDO DE INVESTIMENTO EM DIREITOS CREDITORIOS NAO-PADRONIZADOS RESPONSABILIDADE LIMITADA,04543000
RJ,07766151000102,FUNDO DE INVESTIMENTO EM DIREITOS CREDITORIOS BCSUL VERAX MULTICRED FINANCEIRO,20030021
SP,44680424000110,SANTA BARBARA FUNDO DE INVESTIMENTO EM DIREITOS CREDITORIOS MULTISSETORIAL- RESP LIMITADA,04543000
SP,27531301000106,QUANTHAS FUNDO DE INVESTIMENTO EM DIREITOS CREDITORIOS MULTISSETORIAL - RESPONSABILIDADE LIMITADA,04543000
SP,50153414000129,INVESTMACH FUNDO DE INVESTIMENTO EM DIREITOS CREDITORIOS - FIDC,04543000
SP,49974540000165,HT3 II FUNDO DE INVESTIMENTO EM DIREITOS CREDITORIOS NAO PADRONIZADO,04543000
SP,50555281000117,RECEBIVEIS BRASIL INFRA FUNDO DE INVESTIMENTO EM DIREITOS CREDITORIOS NAO-PADRONIZADOS,04543000
SP,49963418000193,OPI CREDITO AGRICOLA FI NAS CADEIAS PRODUTIVAS AGROINDUSTRIAIS FIAGRO - DC - RESP LIMITADA,04543000
SP,34691300000186,ALPHA CREDITO FUNDO DE INVESTIMENTO EM DIREITOS CREDITORIOS,04543000
SP,41557609000143,SUN FUNDO DE INVESTIMENTO EM DIREITOS CREDITORIOS NAO-PADRONIZADOS RESPONSABILIDADE LIMITADA,04543000
SP,28296597000182,HT3 FUNDO DE INVESTIMENTO EM DIREITOS CREDITORIOS RESPONSABILIDADE LIMITADA,04543000
SP,40211684000195,CREDINOV FUNDO DE INVESTIMENTO EM DIREITOS CREDITORIOS NAO-PADRONIZADOS RESPONSABILIDADE LIMITADA,04543000
SP,32295244000135,CREDORES FUNDO DE INVESTIMENTO EM DIREITOS CREDITORIOS NAO-PADRONIZADOS RESPONSABILIDADE LIMITADA,04543000
SP,45018961000161,NOVA ERA FUNDO DE INVESTIMENTO EM DIREITOS CREDITORIOS MULTISSETORIAL - RESPONSABILIDADE LIMITADA,04543000
SP,44177436000126,GALAXY FUNDO DE INVESTIMENTO EM DIREITOS CREDITORIOS RESPONSABILIDADE LIMITADA,04543000
SP,45693226000153,CREDITO AGRO FUNDO DE INVESTIMENTO EM DIREITOS CREDITORIOS NAO-PADRONIZADOS RESP LIMITADA,04543000
SP,45899745000172,ID 112 FUNDO DE INVESTIMENTO EM DIREITOS CREDITORIOS NAO-PADRONIZADOS,04543000
SP,42196346000157,ADAMANTUS FUNDO DE INVESTIMENTO EM DIREITOS CREDITORIOS MULTISETORIAL,04543000
SP,52112338000139,FIZZ CARD FUNDO DE INVESTIMENTO EM DIREITOS CREDITORIOS NAO-PADRONIZADOS RESPONSABILIDADE LIMITADA,04543000
SP,28240255000140,MARINO INVEST FUNDO DE INVESTIMENTO EM DIREITOS CREDITORIOS NAO-PADRONIZADOS RESP LIMITADA,04543000
SP,28796986000177,KINERET FUNDO DE INVESTIMENTO EM DIREITOS CREDITORIOS,04543000
SP,26452257000178,AURI FUNDO DE INVESTIMENTO EM DIREITOS CREDITORIOS RESPONSABILIDADE LIMITADA,04543000
SP,52069691000183,HERMON FUNDO DE INVESTIMENTO EM DIREITOS CREDITORIOS NAO-PADRONIZADOS,04543000
SP,50311731000126,ID FY FUNDO DE INVESTIMENTO EM COTAS DE FUNDO DE INVESTIMENTO EM DIREITOS CREDITORIOS RESP LIMITADA,04543000
SP,20998989000181,VERUM II FUNDO DE INVESTIMENTO EM DIREITOS CREDITORIOS NAO PADRONIZADOS RESPONSABILIDADE LIMITADA,04543000
SP,21838483000178,RIO FORMOSO II FUNDO DE INVESTIMENTO EM DIREITOS CREDITORIOS NAO-PADRONIZADOS MULTISSETORIAL NP,04571050
SP,45018911000184,HR FUNDO DE INVESTIMENTO EM DIREITOS CREDITORIOS FINANCEIRO - RESPONSABILIDADE LIMITADA,04543000
SP,27531244000157,ONDABRASIL FUNDO DE INVESTIMENTO EM DIREITOS CREDITORIOS NAO-PADRONIZADOS RESP LIMITADA,04543000
SP,52073804000114,IF-ACOR FUNDO DE INVESTIMENTO EM DIREITOS CREDITORIOS NAO-PADRONIZADOS RESPONSABILIDADE LIMITADA,04543000
SP,12241282000106,BNP PARIBAS ACTION MASTER CLASSE DE INVESTIMENTO DE ACOES - RESPONSABILIDADE LIMITADA,04543011
PA,06537068000190,AMAZONIA CREDIT 90 - FUNDO DE APLICACAO EM QUOTAS DE FUNDOS DE INVESTIMENTO,66017000
SP,12239939000192,BNP PARIBAS ACTION CLASSE DE INVESTIMENTO EM CLASSES DE INVESTIMENTO DE ACOES - RESP LIMITADA,04543011
MG,06985322000113,CHALLENGER FUNDO DE INVESTIMENTO FINANCEIRO EM ACOES,30190131
PA,07408147000164,FUNDO AMAZONIA DE APLICACAO EM COTAS DE FUNDOS DE INVESTIMENTO-AMAZONIA MIX ''2'',66017000
SP,14167479000160,ZURICH BNPP MULTIMERCADO CIC DE CLASSES DE INVESTIMENTO PREVIDENCIARIA - RESPONSABILIDADE LIMITADA,04543011
