CNPJ_FUNDO,SIT,DT_REG,TAXA_ADM,VL_PATRIM_LIQ,cnpj,uf,razao_social,sigla,nome
41953322000132,EM FUNCIONAMENTO NORMAL,2021-06-07,4,173198449.67,41953322000132,MG,INTER INFRA MASTER FIF INCENTIV DE INVESTIMENTO EM INFRA RENDA FIXA CRED PRIV RESP LIMITADA,MG,Minas Gerais
37088071000106,EM FUNCIONAMENTO NORMAL,2020-05-11,null,2536455.66,37088071000106,SP,MERU REAL ESTATE III FUNDO DE INVESTIMENTO EM PARTICIPACOES MULTIESTRATEGIA IE RESP LIMITADA,SP,São Paulo
46929994000126,EM FUNCIONAMENTO NORMAL,2022-10-24,null,36796854.17,46929994000126,SP,GRATIAM FLOW FUNDO DE INVESTIMENTO EM DIREITOS CREDITORIOS MULTISSETORIAL RESPONSABILIDADE LIMITADA,SP,São Paulo
44680388000194,EM FUNCIONAMENTO NORMAL,2022-03-25,null,24838471.92,44680388000194,SP,ACELERA VAREJO FUNDO DE INVESTIMENTO EM DIREITOS CREDITORIOS RESPONSABILIDADE LIMITADA,SP,São Paulo
05754066000190,EM FUNCIONAMENTO NORMAL,2005-01-14,0.04,6196621050.94,05754066000190,SP,CLASSE UNICA DO AGATA FUNDO DE INVESTIMENTO FINANCEIRO MULTIMERCADO CREDITO PRIVADO LONGO PRAZO,SP,São Paulo
50275622000109,EM FUNCIONAMENTO NORMAL,2023-04-11,null,13218021.43,50275622000109,SP,ROHT FUNDO DE INVESTIMENTO IMOBILIARIO RESPONSABILIDADE LIMITADA,SP,São Paulo
44680435000108,EM FUNCIONAMENTO NORMAL,2022-09-27,null,36780525.58,44680435000108,SP,OCTO FUNDO DE INVESTIMENTO IMOBILIARIO RESPONSABILIDADE LIMITADA,SP,São Paulo
18929680000198,EM FUNCIONAMENTO NORMAL,2013-09-25,null,41449354.35,18929680000198,SP,BRIO REAL ESTATE FUNDO DE INVESTIMENTO EM PARTICIPACOES MULTIESTRATEGIA - RESPONSABILIDADE LIMITADA,SP,São Paulo
26845868000186,EM FUNCIONAMENTO NORMAL,2018-02-19,1.515,1265664.58,26845868000186,SP,BNP PARIBAS ACCESS DIVERSIFIED DYNAMIC CLASSE DE INVESTIMENTO MULTIMERCADO - RESP LIMITADA,SP,São Paulo
44108111000191,EM FUNCIONAMENTO NORMAL,2022-10-06,null,278867473.82,44108111000191,SP,PCS II HEALTHCARE FUNDO DE INVESTIMENTO EM PARTICIPACOES,SP,São Paulo
47372720000141,EM FUNCIONAMENTO NORMAL,2022-08-09,null,31600910.85,47372720000141,SP,2PX - FUNDO DE INVESTIMENTO MULTIMERCADO CREDITO PRIVADO,SP,São Paulo
31570611000107,EM FUNCIONAMENTO NORMAL,2018-10-03,null,676770665.27,31570611000107,SP,MONT BLANC BRASIL PARTNERS I H - FIP MULTIESTRATEGIA INVESTIMENTO NO EXTERIOR RESP LIMITADA,SP,São Paulo
48502650000161,EM FUNCIONAMENTO NORMAL,2022-11-30,null,27423650.66,48502650000161,SP,SILVERSTONE FUNDO DE INVESTIMENTO EM DIREITOS CREDITORIOS NAO-PADRONIZADOS RESPONSABILIDADE LIMITADA,SP,São Paulo
07939851000143,EM FUNCIONAMENTO NORMAL,2006-08-16,0.042,2320518524.98,07939851000143,SP,CLASSE UNICA ICEBERG FUNDO DE INVESTIMENTO MULTIMERCADO CREDITO PRIVADO LONGO PRAZO,SP,São Paulo
07144604000150,EM FUNCIONAMENTO NORMAL,2004-11-16,null,1479388.51,07144604000150,PA,FUNDO BASA DE INVESTIMENTO FINANCEIRO SELETO ''2'',PA,Pará
45908200000185,EM FUNCIONAMENTO NORMAL,2022-08-26,null,5335302.04,45908200000185,SP,BRAFIC FI EM COTAS DE FUNDOS DE INVESTIMENTO MULTIMERCADO CREDITO PRIVADO RESPONSABILIDADE LIMITADA,SP,São Paulo
42860984000120,EM FUNCIONAMENTO NORMAL,2021-08-30,null,9393138.14,42860984000120,SP,CONDOBLUE I FUNDO DE INVESTIMENTO EM DIREITOS CREDITORIOS RESPONSABILIDADE LIMITADA,SP,São Paulo
44815107000163,EM FUNCIONAMENTO NORMAL,2022-02-15,null,22086868.99,44815107000163,RJ,ARF SANTOS DUMONT PREV FIF MULTIMERCADO CREDITO PRIVADO - RESPONSABILIDADE LIMITADA,RJ,Rio de Janeiro
49651132000172,EM FUNCIONAMENTO NORMAL,2023-02-17,null,42378672.17,49651132000172,SP,BAY HA LONG FUNDO DE INVESTIMENTO MULTIMERCADO CREDITO PRIVADO INVESTIMENTO NO EXTERIOR,SP,São Paulo
01147641000136,EM FUNCIONAMENTO NORMAL,2005-04-04,0.1775,540731408.76,01147641000136,SP,MAPFRE SOBERANO CLASSE DE INVESTIMENTO RENDA FIXA - RESPONSABILIDADE LIMITADA,SP,São Paulo
51292131000120,EM FUNCIONAMENTO NORMAL,2023-07-04,null,106238956.49,51292131000120,SP,SPESI I FUNDO DE INVESTIMENTO EM DIREITOS CREDITORIOS NAO-PADRONIZADOS MULTISSETORIAL RESP LIMITADA,SP,São Paulo
44680466000150,EM FUNCIONAMENTO NORMAL,2022-02-24,null,63970359.26,44680466000150,SP,LGG INVEST FI EM COTAS DE FUNDO DE INVESTIMENTO MULTIMERCADO - CREDITO PRIVADO RESP LIMITADA,SP,São Paulo
19424677000185,EM FUNCIONAMENTO NORMAL,2023-02-01,2500,12195157.85,19424677000185,SP,VERUM FUNDO DE INVESTIMENTO MULTIMERCADO CREDITO PRIVADO,SP,São Paulo
33361923000128,EM FUNCIONAMENTO NORMAL,2019-06-18,0.065,60779613.22,33361923000128,SP,BLACKROCK GLOBAL BOND INCOME MASTER CLASSE DE INVESTIMENTO MULTIMERCADO - RESPONSABILIDADE LIMITADA,SP,São Paulo
07965741000156,EM FUNCIONAMENTO NORMAL,2006-06-27,0.7,79375338.18,07965741000156,SP,BNP PARIBAS PREMIUM MULTIMERCADO CIC DE CLASSES DE INVESTIMENTO RESPONSABILIDADE LIMITADA,SP,São Paulo
45019002000160,EM FUNCIONAMENTO NORMAL,2022-08-09,null,48112639.8,45019002000160,SP,WAY ENGELUZ FUNDO DE INVESTIMENTO EM DIREITOS CREDITORIOS RESPONSABILIDADE LIMITADA,SP,São Paulo
42081295000118,EM FUNCIONAMENTO NORMAL,2021-06-11,0,589603423.1,42081295000118,RJ,RIZA STATHEROS MASTER FUNDO DE INVESTIMENTO EM COTAS DE FUNDOS DE INVESTIMENTO MULTIMERCADO CREDITO PRIVADO,RJ,Rio de Janeiro
14951577000193,EM FUNCIONAMENTO NORMAL,2012-05-10,1,91101461.63,14951577000193,SP,BNP PARIBAS MAPFRE RENDA FIXA ATIVO CIC DE CLASSES DE INVESTIMENTO PREVIDENCIARIA - RESP LIMITADA,SP,São Paulo
46778844000169,EM FUNCIONAMENTO NORMAL,2022-12-09,null,185575837.49,46778844000169,SP,FLAMA SPECIAL RETURN FUNDO DE INVESTIMENTO EM PARTICIPACOES MULTIESTRATEGIA,SP,São Paulo
46282024000181,EM FUNCIONAMENTO NORMAL,2022-11-01,null,2668684.34,46282024000181,SP,CRIXUS SPECIAL RETURN FUNDO DE INVESTIMENTO EM PARTICIPACOES MULTIESTRATEGIA RESP LIMITADA,SP,São Paulo
27938258000190,EM FUNCIONAMENTO NORMAL,2017-07-11,null,10616736.87,27938258000190,SP,AGUIA FI EM COTAS DE FUNDOS DE INVESTIMENTO EM DIREITOS CREDITORIOS RESPONSABILIDADE LIMITADA,SP,São Paulo
35277363000153,EM FUNCIONAMENTO NORMAL,2021-03-17,null,272389556.82,35277363000153,SP,MGC GLOBAL FUNDO DE INVESTIMENTO EM COTAS DE FIDC RESPONSABILIDADE LIMITADA,SP,São Paulo
50818107000110,EM FUNCIONAMENTO NORMAL,2023-05-25,null,0,50818107000110,SP,READING FUNDO DE INVESTIMENTO EM DIREITOS CREDITORIOS NAO-PADRONIZADOS RESPONSABILIDADE LIMITADA,SP,São Paulo
46782474000133,EM FUNCIONAMENTO NORMAL,2022-12-09,null,10548914.5,46782474000133,SP,CONTEA CAPITAL TRENTO FUNDO DE INVESTIMENTO EM PARTICIPACOES MULTIESTRATEGIA RESPONSABILIDADE LIMITA,SP,São Paulo
42923073000103,EM FUNCIONAMENTO NORMAL,2021-10-15,null,20013715.35,42923073000103,MG,EXITUM FUNDO DE INVESTIMENTO EM PARTICIPACOES MULTIESTRATEGIA,MG,Minas Gerais
15296704000120,EM FUNCIONAMENTO NORMAL,2012-04-02,null,1013647919.99,15296704000120,SP,GLP INVESTIMENTOS III FUNDO DE INVESTIMENTO EM PARTICIPACOES MULTIESTRATEGIA,SP,São Paulo
33913576000107,EM FUNCIONAMENTO NORMAL,2019-12-30,0.09,353821369.94,33913576000107,SP,DB II CLASSE DE INVESTIMENTO MULTIMERCADO INVESTIMENTO NO EXTERIOR CREDITO PRIVADO,SP,São Paulo
42922066000189,EM FUNCIONAMENTO NORMAL,2021-12-17,null,3584748.74,42922066000189,SP,HORIZONTE I FUNDO DE INVESTIMENTO FINANCEIRO MULTIMERCADO CREDITO PRIVADO DE RESP LIMITADA,SP,São Paulo
49252656000190,EM FUNCIONAMENTO NORMAL,2023-01-19,null,746226590.55,49252656000190,RJ,AZ QUEST INFRA YIELD FUNDO DE INVESTIMENTO EM PARTICIPACOES EM INFRAESTRUTURA,RJ,Rio de Janeiro
50946637000143,EM FUNCIONAMENTO NORMAL,2023-06-05,null,16363182.91,50946637000143,SP,A4 FUNDO DE INVESTIMENTO MULTIMERCADO ESTRATEGIA LIVRE CREDITO PRIVADO,SP,São Paulo
41036490000163,EM FUNCIONAMENTO NORMAL,2021-03-15,5,39012247.09,41036490000163,MG,INTER ACCESS ARBOR FC DE FI FINANCEIRO EM ACOES BDR NIVEL I RESPONSABILIDADE LIMITADA,MG,Minas Gerais
43616501000100,EM FUNCIONAMENTO NORMAL,2021-09-27,null,497638474.52,43616501000100,RJ,INSUMOS MILENIO TERRAMAGNA FUNDO DE INVESTIMENTO NAS CADEIAS PRODUTIVAS AGROINDUSTRIAIS FIAGRO - DIREITOS CREDITORIOS,RJ,Rio de Janeiro
44680449000113,EM FUNCIONAMENTO NORMAL,2022-10-20,null,8440299.75,44680449000113,SP,ID 203 FUNDO DE INVESTIMENTO IMOBILIARIO - FII,SP,São Paulo
09720710000160,EM FUNCIONAMENTO NORMAL,2008-09-26,8,267527820.21,09720710000160,MG,INTER CONSERVADOR PLUS FUNDO DE INVESTIMENTO FINANCEIRO RENDA FIXA LONGO PRAZO RESP LIMITADA,MG,Minas Gerais
30871793000185,EM FUNCIONAMENTO NORMAL,2018-07-18,null,314177149.54,30871793000185,SP,CAPITOLIO BRASIL PARTNERS I G FUNDO DE INVESTIMENTO EM PARTICIPACOES MULTIESTRATEGIA IE RES LIMITADA,SP,São Paulo
45823709000125,EM FUNCIONAMENTO NORMAL,2022-12-08,1,15551104.5,45823709000125,SP,INVESTO MEGA TRENDS CLASSE DE INVESTIMENTO ACOES RESPONSABILIDADE LIMITADA,SP,São Paulo
12241282000106,EM FUNCIONAMENTO NORMAL,2011-09-22,0.02,65426513.89,12241282000106,SP,BNP PARIBAS ACTION MASTER CLASSE DE INVESTIMENTO DE ACOES - RESPONSABILIDADE LIMITADA,SP,São Paulo
34553995000130,EM FUNCIONAMENTO NORMAL,2019-11-25,null,8900515.53,34553995000130,SP,MANHATTAN FUNDO DE INVESTIMENTO EM DIREITOS CREDITORIOS NAO-PADRONIZADOS RESPONSABILIDADE LIMITADA,SP,São Paulo
44638527000111,EM FUNCIONAMENTO NORMAL,2022-10-21,null,17588166.32,44638527000111,SP,GALAXY FUNDO DE INVESTIMENTO EM PARTICIPACOES MULTIESTRATEGIA,SP,São Paulo
47388724000118,EM FUNCIONAMENTO NORMAL,2023-02-28,null,435374.17,47388724000118,RJ,3R - FUNDO DE INVESTIMENTO EM DIREITOS CREDITORIOS NAO PADRONIZADOS RESPONSABILIDADE LIMITADA,RJ,Rio de Janeiro
45722284000168,EM FUNCIONAMENTO NORMAL,2022-04-17,null,15029391.07,45722284000168,SP,FIDC CANAAN - FUNDO DE INVESTIMENTO EM DIREITOS CREDITORIOS RESPONSABILIDADE LIMITADA,SP,São Paulo
07143386000130,EM FUNCIONAMENTO NORMAL,2004-11-16,null,614165.85,07143386000130,PA,FUNDO BASA DE INVESTIMENTO FINANCEIRO CURTO PRAZO ''2'',PA,Pará
17137984000150,EM FUNCIONAMENTO NORMAL,2014-09-11,0.02,3061686329.58,17137984000150,SP,BNP PARIBAS MASTER CREDITO PLUS CI RENDA FIXA CREDITO PRIVADO LONGO PRAZO RESPONSABILIDADE LIMITADA,SP,São Paulo
26545537000120,EM FUNCIONAMENTO NORMAL,2016-11-28,null,606645.44,26545537000120,SP,AGUNG BRASIL PARTNERS I D - FUNDO DE INVESTIMENTO EM PARTICIPACOES MULTIESTRATEGIA IE RESP LIMITADA,SP,São Paulo
51539073000197,EM FUNCIONAMENTO NORMAL,2023-07-24,null,19523268.98,51539073000197,SP,GERIZIM FUNDO DE INVESTIMENTO EM DIREITOS CREDITORIOS NAO PADRONIZADOS,SP,São Paulo
36443587000150,EM FUNCIONAMENTO NORMAL,2020-03-09,3,21280715.43,36443587000150,MG,INTER ACCESS LEGACY CAPITAL FUNDO DE INVESTIMENTO EM COTAS DE FUNDO DE INVESTIMENTO FINANCEIRO MULTI,MG,Minas Gerais
09284554000132,EM FUNCIONAMENTO NORMAL,2008-05-29,0.12,191057769.34,09284554000132,SP,MAPFRE RESERVAS CLASSE DE INVESTIMENTO RENDA FIXA - RESPONSABILIDADE LIMITADA,SP,São Paulo
50995214000113,EM FUNCIONAMENTO NORMAL,2023-06-09,null,97519417.2,50995214000113,SP,ORION FUNDO DE INVESTIMENTO EM DIREITOS CREDITORIOS RESPONDABILIDADE LIMITADA,SP,São Paulo
07657641000162,EM FUNCIONAMENTO NORMAL,2008-06-10,0.7,4572264.72,07657641000162,SP,BNP PARIBAS ACCESS DISRUPTIVE TECHNOLOGY CLASSE DE INVESTIMENTO EM ACOES - RESPONSABILIDADE LIMITADA,SP,São Paulo
42294971000131,EM FUNCIONAMENTO NORMAL,2021-07-02,8,209793852.68,42294971000131,MG,INTER INFRA FC DE FIF INCENTIV DE INVEST EM INFRA RENDA FIXA CRED PRIV RESP LIMITADA,MG,Minas Gerais
42691990000100,EM FUNCIONAMENTO NORMAL,2022-02-01,null,28445029.02,42691990000100,MG,INTER DIVIDENDOS FUNDO DE INVESTIMENTO FINANCEIRO EM ACOES RESPONSABILIDADE LIMITADA,MG,Minas Gerais
49920326000126,EM FUNCIONAMENTO NORMAL,2023-03-13,null,190549928.06,49920326000126,SP,BDR KYIV FUNDO DE INVESTIMENTO EM DIREITOS CREDITORIOS - FIDC,SP,São Paulo
51295092000115,EM FUNCIONAMENTO NORMAL,2023-07-04,null,2367149.05,51295092000115,SP,LEGATUM FUNDO DE INVESTIMENTO IMOBILIARIO RESPONSABILIDADE LIMITADA,SP,São Paulo
34509036000117,EM FUNCIONAMENTO NORMAL,2019-09-16,null,401742065.74,34509036000117,SP,MAKALU BRASIL PARTNERS I J FIP MULTIESTRATEGIA INVESTIMENTO NO EXTERIOR RESPONSABILIDADE LIMITADA,SP,São Paulo
52317938000133,EM FUNCIONAMENTO NORMAL,2023-09-26,null,3257185.51,52317938000133,SP,SZLEZ FUNDO DE INVESTIMENTO MULTIMERCADO RESPONSABILIDADE LIMITADA CREDITO PRIVADO IE,SP,São Paulo
30687646000150,EM FUNCIONAMENTO NORMAL,2018-12-05,null,44044506.32,30687646000150,SP,ELIPSE II FUNDO DE INVESTIMENTO EM PARTICIPACOES,SP,São Paulo
01964775000140,EM FUNCIONAMENTO NORMAL,1997-06-11,null,1484965.19,01964775000140,SP,FUNDO DE INVESTIMENTO IMOBILIARIO GEO GUARARAPES,SP,São Paulo
47463511000103,EM FUNCIONAMENTO NORMAL,2022-12-09,null,4402769.94,47463511000103,SP,EP FUNDO DE INVESTIMENTO EM PARTICIPACOES MULTIESTRATEGIA RESPONSABILIDADE LIMITADA,SP,São Paulo
51033013000106,EM FUNCIONAMENTO NORMAL,2023-06-13,null,4224343.58,51033013000106,SP,SILVERBAY CAPITAL FUNDO DE INVESTIMENTO EM PARTICIPACOES MULTIESTRATEGIA,SP,São Paulo
06537068000190,EM FUNCIONAMENTO NORMAL,2004-08-02,null,1260.7,06537068000190,PA,AMAZONIA CREDIT 90 - FUNDO DE APLICACAO EM QUOTAS DE FUNDOS DE INVESTIMENTO,PA,Pará
33361798000156,EM FUNCIONAMENTO NORMAL,2019-06-18,0.8,7575485.02,33361798000156,SP,BLACKROCK GLOBAL BOND INCOME CLASSE DE INVESTIMENTO EM CIC MULTIMERCADO - RESPONSABILIDADE LIMITADA,SP,São Paulo
44428806000150,EM FUNCIONAMENTO NORMAL,2022-09-25,null,123772979.21,44428806000150,SP,JIVE DISTRESSED & SPECIAL SITS IV STRATEGIC PARTNERS FIC DE FIF MULTI - CP RESPONSABILIDADE LIMITADA,SP,São Paulo
35686949000171,EM FUNCIONAMENTO NORMAL,2019-12-19,null,19598618.74,35686949000171,SP,GREEN WAY I FUNDO DE INVESTIMENTO EM DIREITOS CREDITORIOS NAO PADRONIZADOS,SP,São Paulo
20378135000100,EM FUNCIONAMENTO NORMAL,2014-08-06,0.17,1831833.56,20378135000100,SP,AX EQUILIBRIUM FI EM COTAS DE FUNDOS DE INVESTIMENTO MULTIMERCADO CREDITO PRIVADO,SP,São Paulo
42692399000169,EM FUNCIONAMENTO NORMAL,2022-05-24,null,102490497.54,42692399000169,MG,INTER AMERRA FIAGRO FUNDO DE INVESTIMENTO IMOBILIARIO RESPONSABILIDADE LIMITADA,MG,Minas Gerais
44870636000160,EM FUNCIONAMENTO NORMAL,2022-04-22,null,151652121.25,44870636000160,SP,CAATINGA CAPITAL FUNDO DE INVESTIMENTO EM PARTICIPACOES EM EMPRESAS EMERGENTES,SP,São Paulo
43619349000119,EM FUNCIONAMENTO NORMAL,2021-10-25,null,122223658.12,43619349000119,SP,BR PARTNERS PET FUNDO DE INVESTIMENTO EM PARTICIPACOES MULTIESTRATEGIA,SP,São Paulo
49651212000128,EM FUNCIONAMENTO NORMAL,2023-02-17,null,43025209.8,49651212000128,SP,BAY SIDNEY FUNDO DE INVESTIMENTO MULTIMERCADO CREDITO PRIVADO INVESTIMENTO NO EXTERIOR,SP,São Paulo
52116361000100,EM FUNCIONAMENTO NORMAL,2023-09-08,null,48987586.73,52116361000100,SP,NU IBOV SMART DIVIDENDOS CLASSE DE INDICE - RESPONSABILIDADE LIMITADA,SP,São Paulo
13451738000117,EM FUNCIONAMENTO NORMAL,2011-02-28,null,22668033.18,13451738000117,SP,CLASSE DE INVESTIMENTO EM COTAS DE FIP PATRIA PRIVATE EQUITY IV - RESP LIMITADA,SP,São Paulo
48900133000140,EM FUNCIONAMENTO NORMAL,2022-12-15,null,591565351.39,48900133000140,SP,PCS II FEEDER BRASIL FUNDO DE INVESTIMENTO EM PARTICIPACOES,SP,São Paulo
46334681000125,EM FUNCIONAMENTO NORMAL,2022-07-21,null,10497613.99,46334681000125,SP,SULAMERICA PRESTIGE XP SEG PREV FIF RENDA FIXA RESPONSABILIDADE LIMITADA,SP,São Paulo
52356865000199,EM FUNCIONAMENTO NORMAL,2023-09-28,null,12303082.3,52356865000199,SP,ATLAS FUNDO DE INVESTIMENTO IMOBILIARIO RESPONSABILIDADE LIMITADA,SP,São Paulo
29315243000109,EM FUNCIONAMENTO NORMAL,2019-03-18,2,901700942.76,29315243000109,SP,ESTOCOLMO FUNDO DE INVESTIMENTO MULTIMERCADO CREDITO PRIVADO,SP,São Paulo
47984249000142,EM FUNCIONAMENTO NORMAL,2022-11-30,null,3676461.59,47984249000142,SP,SAM 3 FUNDO DE INVESTIMENTO MULTIMERCADO CREDITO PRIVADO RESPONSABILIDADE LIMITADA,SP,São Paulo
29843196000168,EM FUNCIONAMENTO NORMAL,2018-03-19,null,12194117.21,29843196000168,SP,FUNDO DE INVESTIMENTO EM PARTICIPACOES MULTIESTRATEGIA INOVACAO E TECNOLOGIA - RESP LIMITADA,SP,São Paulo
21596006000143,EM FUNCIONAMENTO NORMAL,2015-01-19,0.12,240575854.79,21596006000143,SP,MAPFRE HEDGE IGPM PREV CLASSE DE INVESTIMENTO EM CLASSES DE INVESTIMENTO DE RF - RESP LIMITADA,SP,São Paulo
42700668000191,EM FUNCIONAMENTO NORMAL,2021-11-29,null,65897570.45,42700668000191,RJ,GRAND - FUNDO DE INVESTIMENTO EM DIREITOS CREDITORIOS NAO PADRONIZADOS RESPONSABILIDADE LIMITADA,RJ,Rio de Janeiro
52174102000127,EM FUNCIONAMENTO NORMAL,2023-09-13,null,261028116.65,52174102000127,SP,BYX CONSIGNADO MULTICONVENIOS FUNDO DE INVESTIMENTO EM DIREITOS CREDITORIOS RESP LIMITADA,SP,São Paulo
47372648000152,EM FUNCIONAMENTO NORMAL,2022-08-30,null,2671425.13,47372648000152,SP,PLN PAR - FUNDO DE INVESTIMENTO MULTIMERCADO CREDITO PRIVADO,SP,São Paulo
43106870000152,EM FUNCIONAMENTO NORMAL,2022-04-19,null,69179859.72,43106870000152,SP,SALTO BOTELHO AGROENERGIA FUNDO DE INVESTIMENTO EM PARTICIPACOES MULTI -RESPONSABILIDADE LIMITADA,SP,São Paulo
12124044000102,EM FUNCIONAMENTO NORMAL,2010-08-26,1.5,553956292.03,12124044000102,SP,MAPFRE HEDGE PREV CLASSE DE INVESTIMENTO RENDA FIXA - RESPONSABILIDADE LIMITADA,SP,São Paulo
41081374000166,EM FUNCIONAMENTO NORMAL,2021-03-23,null,191968095.26,41081374000166,SP,VINCI CREDIT SECURITIES FUNDO DE INVESTIMENTO IMOBILIARIO - RESPONSABILIDADE LIMITADA,SP,São Paulo
28850140000178,EM FUNCIONAMENTO NORMAL,2017-10-16,null,21400638.24,28850140000178,SP,FUNDO DE FINANCIAMENTO DA INDUSTRIA CINEMATROGRAFICA NACIONAL - FUNCINE - TIM,SP,São Paulo
14167550000104,EM FUNCIONAMENTO NORMAL,2012-05-11,0,62867671.2,14167550000104,SP,BNP PARIBAS MASTER IBRX CLASSE DE INVESTIMENTO EM ACOES RESPONSABILIDADE LIMITADA,SP,São Paulo
39581746000171,EM FUNCIONAMENTO NORMAL,2020-11-30,null,503174396.28,39581746000171,SP,EIGER BRASIL PARTNERS I O FUNDO DE INVESTIMENTO EM PARTICIPACOES MULTIESTRATEGIA IE RESP LIMITADA,SP,São Paulo
49592781000140,EM FUNCIONAMENTO NORMAL,2023-02-14,null,346922775.8,49592781000140,RJ,BLUECAP LOG FUNDO DE INVESTIMENTO IMOBILIARIO,RJ,Rio de Janeiro
48964604000184,EM FUNCIONAMENTO NORMAL,2022-12-22,null,1293504.85,48964604000184,SP,GRIFFIN FUNDO DE INVESTIMENTO IMOBILIARIO,SP,São Paulo
39447231000183,EM FUNCIONAMENTO NORMAL,2021-11-26,null,5200416.53,39447231000183,SP,MONTE CARLO FUNDO DE INVESTIMENTO EM PARTICIPACOES CAPITAL-SEMENTE RESPONSABILIDADE LIMITADA,SP,São Paulo
16617593000170,EM FUNCIONAMENTO NORMAL,2012-08-02,2.5,1033528.17,16617593000170,SP,BBT ACOES FUNDO DE INVESTIMENTO FINANCEIRO,SP,São Paulo
27486551000163,EM FUNCIONAMENTO NORMAL,2017-06-02,null,604067.12,27486551000163,SP,KILIMANJARO BRASIL PARTNERS I B - FUNDO DE INVESTIMENTO EM PARTICIPACOES MULTIESTRATEGIA IE RESP LIM,SP,São Paulo
50963249000170,EM FUNCIONAMENTO NORMAL,2023-06-06,null,100792939.42,50963249000170,SP,BOREAL I FUNDO DE INVESTIMENTO EM DIREITOS CREDITORIOS COMERCIAL - RESPONSABILIDADE LIMITADA,SP,São Paulo
29983516000185,EM FUNCIONAMENTO NORMAL,2020-01-08,1.2,70785847.72,29983516000185,SP,CLASSE UNICA DO WESTERN ASSET FI FINANCEIRO INCENTIVADO EM DEBENTURES DE INFRA RF CP RESP LIMITADA,SP,São Paulo
48993165000138,EM FUNCIONAMENTO NORMAL,2022-12-28,0,53415735.7,48993165000138,SP,LAB OITO FUNDO DE INVESTIMENTO MULTIMERCADO CREDITO PRIVADO,SP,São Paulo
20879578000177,EM FUNCIONAMENTO NORMAL,2015-01-07,0.5,1369194686.76,20879578000177,MG,INTER CONSERVADOR FUNDO DE INVESTIMENTO FINANCEIRO RENDA FIXA CREDITO PRIVADO RESP LIMITADA,MG,Minas Gerais
43721652000128,EM FUNCIONAMENTO NORMAL,2022-03-31,null,305676784.83,43721652000128,SP,TELECOM BANK I FUNDO DE INVESTIMENTO EM DIREITOS CREDITORIOS RESPONSABILIDADE LIMITADA,SP,São Paulo
34617291000183,EM FUNCIONAMENTO NORMAL,2019-09-11,855,5018082.48,34617291000183,MG,INTER SELECTION MACRO FC DE FUNDO DE INVESTIMENTO FINANCEIRO MULTIMERCADO RESPONSABILIDADE LIMITADA,MG,Minas Gerais
46929959000107,EM FUNCIONAMENTO NORMAL,2022-10-31,null,72616547.25,46929959000107,SP,BUCAREST BANCO FUNDO DE INVESTIMENTO EM DIREITOS CREDITORIOS INDUSTRIAL - RESPONSABILIDADE LIMITADA,SP,São Paulo
26862104000107,EM FUNCIONAMENTO NORMAL,2017-03-07,5,10556780.05,26862104000107,MG,GUIA FUNDO DE INVESTIMENTO FINANCEIRO EM ACOES,MG,Minas Gerais
46729394000114,EM FUNCIONAMENTO NORMAL,2022-07-04,5,3716137.24,46729394000114,MG,INTER LOVER FUNDO DE INVESTIMENTO FINANCEIRO MULTIMERCADO RESPONSABILIDADE LIMITADA,MG,Minas Gerais
32140484000160,EM FUNCIONAMENTO NORMAL,2019-02-22,null,583222865.7,32140484000160,SP,PSS PRINCIPAL FUNDO DE INVESTIMENTO EM PARTICIPACOES,SP,São Paulo
21613190000192,EM FUNCIONAMENTO NORMAL,2015-01-07,null,601986395.72,21613190000192,SP,FUNDO DE INVESTIMENTO EM PARTICIPACOES PANAMBY HOTEIS - MULTIESTRATEGIA RESPONSABILIDADE LIMITADA,SP,São Paulo
42627796000157,EM FUNCIONAMENTO NORMAL,2021-09-17,null,338358106.27,42627796000157,SP,EUV SP 2 FUNDO DE INVESTIMENTO EM PARTICIPACOES MULTIESTRATEGIA,SP,São Paulo
33033191000147,EM FUNCIONAMENTO NORMAL,2019-12-17,0.8816,89925707.21,33033191000147,RJ,KATCH FUNDO DE INVESTIMENTO MULTIMERCADO CREDITO PRIVADO,RJ,Rio de Janeiro
14171578000115,EM FUNCIONAMENTO NORMAL,2012-06-27,0,486526163.13,14171578000115,RJ,OURO PRETO FUNDO DE INVESTIMENTO EM COTAS DE FUNDOS DE INVESTIMENTO MULTIMERCADO CREDITO PRIVADO,RJ,Rio de Janeiro
15018580000111,EM FUNCIONAMENTO NORMAL,2012-03-23,null,1660525513.69,15018580000111,SP,GLP INVESTIMENTOS FUNDO DE INVESTIMENTO EM PARTICIPACOES MULTIESTRATEGIA,SP,São Paulo
45018608000181,EM FUNCIONAMENTO NORMAL,2022-05-06,0.5,56291072.89,45018608000181,SP,BNP PARIBAS SIGMA INSTITUCIONAL CLASSE DE INVESTIMENTO DE RENDA FIXA LONGO PRAZO - RESP LIMITADA,SP,São Paulo
50443649000155,EM FUNCIONAMENTO NORMAL,2023-04-25,null,207470746.98,50443649000155,RJ,PRINZ DISCOVERY CREDITO ESTRUTURADO FUNDO DE INVESTIMENTO EM COTAS DE DIREITOS CREDITORIOS,RJ,Rio de Janeiro
41922654000150,EM FUNCIONAMENTO NORMAL,2021-05-18,null,6379347.37,41922654000150,SP,VC NETWORK FUNDO DE INVESTIMENTO EM PARTICIPACOES MULTIESTRATEGIA - INVESTIMENTO NO EXTERIOR,SP,São Paulo
11147668000182,EM FUNCIONAMENTO NORMAL,2010-06-16,0.7,186976265.29,11147668000182,SP,BNP PARIBAS ACCESS USA COMPANIES CLASSE DE INVESTIMENTO EM ACOES - RESPONSABILIDADE LIMITADA,SP,São Paulo
52349539000154,EM FUNCIONAMENTO NORMAL,2023-09-28,null,19946519.13,52349539000154,SP,Z5 FUNDO DE INVESTIMENTO EM DIREITOS CREDITORIOS MULTISSETORIAL - RESPONSABILIDADE LIMITADA,SP,São Paulo
21185984000100,EM FUNCIONAMENTO NORMAL,2014-12-30,0.4,2448437512.83,21185984000100,SP,BNP PARIBAS RUBI CIC DE CLASSE DE INVESTIMENTO RENDA FIXA CREDITO PRIVADO RESPONSABILIDADE LIMITADA,SP,São Paulo
09087301000179,EM FUNCIONAMENTO NORMAL,2010-05-25,0.5,109423069.22,09087301000179,SP,CLASSE UNICA DO WESTERN ASSET IMA-B ATIVO FI FINANCEIRO RF RESPONSABILIDADE LIMITADA,SP,São Paulo
48513136000121,EM FUNCIONAMENTO NORMAL,2022-11-18,null,13843084.65,48513136000121,SP,GALGA FUNDO DE INVESTIMENTO EM DIREITOS CREDITORIOS-RESPONSABILIDADE LIMITADA,SP,São Paulo
44603407000189,EM FUNCIONAMENTO NORMAL,2021-12-22,null,35019373.18,44603407000189,SP,PETRONIA ENERGIA DESENVOLVIMENTO I FIP MULTIESTRATEGIA - RESPONSABILIDADE LIMITADA,SP,São Paulo
52116337000162,EM FUNCIONAMENTO NORMAL,2023-09-08,null,84724353.18,52116337000162,SP,NU RENDA IBOV SMART DIVIDENDOS CLASSE DE INDICE - RESPONSABILIDADE LIMITADA,SP,São Paulo
02539921000152,EM FUNCIONAMENTO NORMAL,2005-03-22,0.52,178497352.31,02539921000152,SP,BNP PARIBAS RF CLASSE DE INVESTIMENTO DE RENDA FIXA - RESPONSABILIDADE LIMITADA,SP,São Paulo
44680491000134,EM FUNCIONAMENTO NORMAL,2022-01-03,null,420769590.83,44680491000134,SP,GALAXY FUNDO DE INVESTIMENTO EM COTAS DE FUNDOS DE INVESTIMENTO MULTIMERCADO - CREDITO PRIVADO,SP,São Paulo
47279999000113,EM FUNCIONAMENTO NORMAL,2022-12-09,null,6010936.16,47279999000113,SP,DAYCOVAL D408 FUNDO DE INVESTIMENTO MULTIMERCADO,SP,São Paulo
41579637000161,EM FUNCIONAMENTO NORMAL,2021-12-07,null,176724302.45,41579637000161,SP,MGW ATIVOS FUNDO DE INVESTIMENTO EM DIREITOS CREDITORIOS RESPONSABILIDADE LIMITADA,SP,São Paulo
48992508000140,EM FUNCIONAMENTO NORMAL,2022-12-28,null,11493949.09,48992508000140,SP,SUZUKA FUNDO DE INVESTIMENTO EM PARTICIPACOES MULTIESTRATEGIA RESPONSABILIDADE LIMITADA,SP,São Paulo
35725626000140,EM FUNCIONAMENTO NORMAL,2020-03-06,null,5136154462.57,35725626000140,SP,PSS ENERGY FUNDO DE INVESTIMENTO EM PARTICIPACOES,SP,São Paulo
33498764000108,EM FUNCIONAMENTO NORMAL,2020-05-26,null,14654561.13,33498764000108,SP,BRAFIC FUNDO DE INVESTIMENTO EM DIREITOS CREDITORIOS NAO-PADRONIZADOS RESPONSABILIDADE LIMITADA,SP,São Paulo
37806055000101,EM FUNCIONAMENTO NORMAL,2020-08-20,0,294830892.57,37806055000101,RJ,EVEREST HIGH YIELD FUNDO DE INVESTIMENTO EM COTAS DE FUNDOS DE INVESTIMENTO MULTIMERCADO CREDITO PRIVADO E1,RJ,Rio de Janeiro
36293425000183,EM FUNCIONAMENTO NORMAL,2020-02-19,null,66936526.13,36293425000183,MG,INTER TEVA INDICE DE TIJOLO FUNDO DE INVESTIMENTO IMOBILIARIO FII RESPONSABILIDADE LIMITADA,MG,Minas Gerais
49914023000109,EM FUNCIONAMENTO NORMAL,2023-03-13,0,167734972.07,49914023000109,SP,BULLLA FUNDO DE INVESTIMENTO MULTIMERCADO CREDITO PRIVADO,SP,São Paulo
08621199000187,EM FUNCIONAMENTO NORMAL,2016-01-04,null,161827873.73,08621199000187,SP,FAMCRED FUNDO DE INVESTIMENTO EM DIREITOS CREDITORIOS NAO-PADRONIZADOS RESPONSABILIDADE LIMITADA,SP,São Paulo
29323865000170,EM FUNCIONAMENTO NORMAL,2018-01-17,null,667436246.58,29323865000170,SP,BRAZIL FITNESS INVESTORS - FIP MULTIESTRATEGIA INVESTIMENTO NO EXTERIOR RESP LIMITADA,SP,São Paulo
17453850000148,EM FUNCIONAMENTO NORMAL,2013-04-17,1,1193170945.99,17453850000148,SP,WESTERN ASSET US INDEX 500 FUNDODE INVESTIMENTO FINANCEIRO MULTIMERCADO - RESPONSABILIDADE LIMITADA,SP,São Paulo
09636393000107,EM FUNCIONAMENTO NORMAL,2008-09-03,0.35,8390636052.23,09636393000107,SP,BNP PARIBAS MATCH CLASSE DE INVESTIMENTO DE RENDA FIXA REFERENCIADA DI CP RESPONSABILIDADE LIMITADA,SP,São Paulo
11283444000106,EM FUNCIONAMENTO NORMAL,2009-11-27,null,366774540.88,11283444000106,SP,NOVA PARTICIPACOES - FUNDO DE INVESTIMENTO EM PARTICIPACOES MULTIESTRATEGIA,SP,São Paulo
45899588000103,EM FUNCIONAMENTO NORMAL,2022-08-03,null,1268242.73,45899588000103,SP,FIDUCIA FUNDO DE INVESTIMENTO EM DIREITOS CREDITORIOS NAO-PADRONIZADOS,SP,São Paulo
08771975000125,EM FUNCIONAMENTO NORMAL,2007-10-25,0.11,6385489769.12,08771975000125,SP,BNP PARIBAS PROPRIETARIO CLASSE DE INVESTIMENTO MULTIMERCADO CREDITO PRIVADO,SP,São Paulo
51777660000114,EM FUNCIONAMENTO NORMAL,2023-08-11,null,30878882.76,51777660000114,SP,ANZEN FUNDO DE INVESTIMENTO EM COTAS DE FUNDOS DE INVESTIMENTO MULTIMERCADO CREDITO PRIVADO,SP,São Paulo
45953169000102,EM FUNCIONAMENTO NORMAL,2022-05-02,0,45053031.54,45953169000102,RJ,ORAMA TEN FUNDO DE INVESTIMENTO EM ACOES,RJ,Rio de Janeiro
50071531000143,EM FUNCIONAMENTO NORMAL,2023-03-24,null,100444054.34,50071531000143,SP,KMP GROWTH CAPITAL FUND II FUNDO DE INVESTIMENTO EM PARTICIPACOES MULTI - RESPONSABILIDADE LIMITADA,SP,São Paulo
45019040000113,EM FUNCIONAMENTO NORMAL,2022-02-14,null,65811214.08,45019040000113,SP,AFL INVEST FUNDO DE INVESTIMENTO EM DIREITOS CREDITORIOS NAO-PADRONIZADOS RESP LIMITADA,SP,São Paulo
32907653000145,EM FUNCIONAMENTO NORMAL,2019-11-26,null,23728810.91,32907653000145,SP,CROWN OCEAN CAPITAL IV FUNDO DE INVESTIMENTO EM DIREITOS CREDITORIOS NAO PADRONIZADOS,SP,São Paulo
49223648000116,EM FUNCIONAMENTO NORMAL,2023-01-17,null,0,49223648000116,SP,PHILADELPHIA FUNDO DE INVESTIMENTO EM DIREITOS CREDITORIOS NAOPADRONIZADOS RESPONSABILIDADE LIMITADA,SP,São Paulo
43508144000166,EM FUNCIONAMENTO NORMAL,2021-09-27,null,94030835.08,43508144000166,RJ,UJAY FUNDO DE INVESTIMENTO EM COTAS DE FUNDOS DE INVESTIMENTO MULTIMERCADO CREDITO PRIVADO 60,RJ,Rio de Janeiro
50750438000165,EM FUNCIONAMENTO NORMAL,2023-05-19,null,323975648.65,50750438000165,RJ,RIZA DOMUS FUNDO DE INVESTIMENTO IMOBILIARIO,RJ,Rio de Janeiro
38249518000136,EM FUNCIONAMENTO NORMAL,2021-12-15,null,32380127.43,38249518000136,SP,MOGIANA FUNDO DE INVESTIMENTO EM PARTICIPACOES MULTIESTRATEGIA,SP,São Paulo
35580324000120,EM FUNCIONAMENTO NORMAL,2019-11-27,1.85,91361768.75,35580324000120,RJ,DAHLIA TOTAL RETURN CSHG II FI EM COTAS DE FI FINANCEIRO MULTIMERCADO RESPONSABILIDADE LIMITADA,RJ,Rio de Janeiro
14311936000148,EM FUNCIONAMENTO NORMAL,2011-09-23,null,5219076,14311936000148,SP,PATRIMONIAL BLUE - FUNDO DE INVESTIMENTO EM PARTICIPACOES MULTIESTRATEGIA,SP,São Paulo
07672392000184,EM FUNCIONAMENTO NORMAL,2006-02-01,2,10271354.8,07672392000184,SP,WESTERN ASSET LONG & SHORT FUNDODE INVESTIMENTO FINANCEIRO MULTIMERCADO - RESPONSABILIDADE LIMITADA,SP,São Paulo
35654738000157,EM FUNCIONAMENTO NORMAL,2021-08-02,null,200091359.03,35654738000157,SP,RODOVIAS DO TIETE FUNDO DE INVESTIMENTO EM PARTICIPACOES EM INFRAESTRUTURA RESPONSABILIDADE LIMITADA,SP,São Paulo
39347413000182,EM FUNCIONAMENTO NORMAL,2020-10-09,null,116190085.93,39347413000182,SP,FUNDO DE INVESTIMENTO IMOBILIARIO HOSPITAL UNIMED CAMPINA GRANDE,SP,São Paulo
49995610000161,EM FUNCIONAMENTO NORMAL,2023-03-20,25,450875509.65,49995610000161,MG,INTER INSTITUICOES FINANCEIRAS FUNDO DE INVESTIMENTO FINANCEIRO RENDA FIXA CRED PRIV RESP LIMITADA,MG,Minas Gerais
47372688000102,EM FUNCIONAMENTO NORMAL,2022-08-30,null,3361933.07,47372688000102,SP,PHX FUNDO DE INVESTIMENTO EM DIREITOS CREDITORIOS NAO-PADRONIZADOS RESPONSABILIDADE LIMITADA,SP,São Paulo
43122453000101,EM FUNCIONAMENTO NORMAL,2021-10-01,null,137647909.92,43122453000101,SP,BLACKROCK BDR-EFT CLASSE DE INVESTIMENTO EM ACOES - RESPONSABILIDADE LIMITADA,SP,São Paulo
18579353000153,EM FUNCIONAMENTO NORMAL,2013-07-31,null,903374.56,18579353000153,SP,VESUVIUS LBO - FUNDO DE INVESTIMENTO EM PARTICIPACOES MULTIESTRATEGIA IE RESP LIMITADA,SP,São Paulo
18356327000166,EM FUNCIONAMENTO NORMAL,2013-11-18,null,234978.48,18356327000166,SP,INVESTIMENTOS FLORESTAIS FUNDO DE INVESTIMENTO EM PARTICIPACOES,SP,São Paulo
50943777000168,EM FUNCIONAMENTO NORMAL,2023-06-05,null,29866533.05,50943777000168,SP,BROWNFIELD FUNDO DE INVESTIMENTO EM DIREITOS CREDITORIOS RESPONSABILIDADE LIMITADA,SP,São Paulo
39540780000106,EM FUNCIONAMENTO NORMAL,2021-02-17,7,39807502.95,39540780000106,MG,INTER ACCESS VERDE FUNDO DE INVESTIMENTO EM COTAS DE FUNDO DE INVESTIMENTO FINANCEIRO MULTIMERCADO,MG,Minas Gerais
34598181000111,EM FUNCIONAMENTO NORMAL,2019-09-05,null,452001000.67,34598181000111,MG,INTER LOGISTICO FUNDO DE INVESTIMENTO IMOBILIARIO FII RESPONSABILIDADE LIMITADA,MG,Minas Gerais
14769978000127,EM FUNCIONAMENTO NORMAL,2011-12-30,null,713796705.63,14769978000127,SP,TELLES FUNDO DE INVESTIMENTO EM PARTICIPACOES - MULTIESTRATEGIA,SP,São Paulo
09110175000126,EM FUNCIONAMENTO NORMAL,2007-12-28,null,1186684.99,09110175000126,SP,BROOKFIELD BRAZIL TIMBER FUNDO DE INVESTIMENTO EM PARTICIPACOES,SP,São Paulo
49506998000190,EM FUNCIONAMENTO NORMAL,2023-02-07,0.3,27040167.7,49506998000190,MG,SUPREME I FUNDO DE INVESTIMENTO MULTIMERCADO CREDITO PRIVADO,MG,Minas Gerais
35137939000187,EM FUNCIONAMENTO NORMAL,2019-10-14,null,14433236.11,35137939000187,SP,MANASLU BRASIL PARTNERS I K FUNDO DE INVESTIMENTO EM PARTICIPACOES MULTIESTRATEGIA IE RESP LIMITADA,SP,São Paulo
45521649000196,EM FUNCIONAMENTO NORMAL,2022-06-21,null,230428283.4,45521649000196,SP,FIDC SINAI MACRO FUNDO DE INVESTIMENTO EM DIREITOS CREDITORIOS NAO PADRONIZADO RESP LIMITADA,SP,São Paulo
30282270000101,EM FUNCIONAMENTO NORMAL,2018-12-19,0.0005,6264358575.44,30282270000101,SP,CLASSE UNICA DO IMOLA FUNDO DE INVESTIMENTO EM COTAS FINANCEIRO MULTIMERCADO CREDITO PRIVADO LP,SP,São Paulo
17198500000182,EM FUNCIONAMENTO NORMAL,2012-12-13,null,162010992.72,17198500000182,SP,SB FUNDO DE INVESTIMENTO NAS CADEIAS PRODUTIVAS AGROINDUSTRIAIS - FIAGRO - IMOBILIARIO,SP,São Paulo
48373428000106,EM FUNCIONAMENTO NORMAL,2022-12-09,null,54479802.75,48373428000106,SP,CIX PONTA NEGRA FUNDO DE INVESTIMENTO IMOBILIARIO RESPONSABILIDADE LIMITADA,SP,São Paulo
15437768000102,EM FUNCIONAMENTO NORMAL,2012-04-20,null,791558124.45,15437768000102,SP,FUNDO DE INVESTIMENTO EM PARTICIPACOES RPEV1 BRAZIL MULTI IE RESPONSABILIDADE LIMITADA,SP,São Paulo
42656644000182,EM FUNCIONAMENTO NORMAL,2022-03-08,null,11862714.69,42656644000182,MG,IA CARTEIRA CREDITO FC DE FUNDO DE INVESTIMENTO FINANCEIRO MULT CRED PRIV RESPONSABILIDADE LIMITADA,MG,Minas Gerais
24372158000150,EM FUNCIONAMENTO NORMAL,2016-04-15,0.08,23626944.34,24372158000150,RJ,ARF SANTOS DUMONT FI EM COTAS DE FIF MULTIMERCADO CREDITO PRIVADO INVEST NO EXTERIOR - RESP LIMITADA,RJ,Rio de Janeiro
18448137000179,EM FUNCIONAMENTO NORMAL,2013-09-16,2.5,4269177.58,18448137000179,RS,GERAL DIVIDENDO FUNDO DE INVESTIMENTO EM ACOES - RESPONSABILIDADE LIMITADA,RS,Rio Grande do Sul
42357817000161,EM FUNCIONAMENTO NORMAL,2022-03-08,null,46452202.63,42357817000161,SP,CONCRETO FUNDO DE INVESTIMENTO EM DIREITOS CREDITORIOS NAO PADRONIZADOS RESP LIMITADA,SP,São Paulo
50197313000150,EM FUNCIONAMENTO NORMAL,2023-04-04,45,213694382.78,50197313000150,MG,INTER BB FC DE FUNDO DE INVESTIMENTO FINANCEIRO RENDA FIXA LONGO PRAZO RESP LIMITADA,MG,Minas Gerais
50462226000182,EM FUNCIONAMENTO NORMAL,2023-04-26,null,44708309.81,50462226000182,SP,PENSILVANIA FUNDO DE INVESTIMENTO EM DIREITOS CREDITORIOS NAO-PADRONIZADOS RESPONSABILIDADE LIMITADA,SP,São Paulo
33913584000145,EM FUNCIONAMENTO NORMAL,2019-12-30,0.09,6876880.46,33913584000145,SP,DB III CLASSE DE INVESTIMENTO MULTIMERCADO INVESTIMENTO NO EXTERIOR CREDITO PRIVADO,SP,São Paulo
49429700000195,EM FUNCIONAMENTO NORMAL,2023-02-01,0,65344619.01,49429700000195,SP,SILVES FUNDO DE INVESTIMENTO MULTIMERCADO CREDITO PRIVADO,SP,São Paulo
44104852000102,EM FUNCIONAMENTO NORMAL,2022-06-21,5,8783097.76,44104852000102,MG,INTER INFLACAO CURTA FUNDO DE INVESTIMENTO FINANCEIRO RENDA FIXA RESPONSABILIDADE LIMITADA,MG,Minas Gerais
32222759000105,EM FUNCIONAMENTO NORMAL,2019-06-18,0.065,20424036.3,32222759000105,SP,BLACKROCK DYNAMIC HIGH INCOME MASTER CLASSE DE INVESTIMENTO MULTIMERCADO - RESP LIMITADA,SP,São Paulo
45018643000109,EM FUNCIONAMENTO NORMAL,2022-05-06,0.15,237690746.63,45018643000109,SP,BNP PARIBAS PREMIUM MASTER INSTITUCIONAL RF ATIVO CIC DE CLASSES DE INVESTIMENTO RESP LIMITADA,SP,São Paulo
05090727000120,EM FUNCIONAMENTO NORMAL,2005-03-16,0.15,635073350.68,05090727000120,SP,CLASSE UNICA DO WESTERN ASSET DI MAX RF REFERENCIADO FUNDO DE INVESTIMENTO FINANCEIRO RESP. LIMITADA,SP,São Paulo
36412972000130,EM FUNCIONAMENTO NORMAL,2020-09-10,null,5156801.75,36412972000130,SP,VKR FUNDO DE INVESTIMENTO EM DIREITOS CREDITORIOS RESPONSABILIDADE LIMITADA,SP,São Paulo
05104498000156,EM FUNCIONAMENTO NORMAL,2005-03-22,0.5,33067405.76,05104498000156,SP,BNP PARIBAS INFLACAO CI EM CLASSES DE INVESTIMENTO RENDA FIXA - RESPONSABILIDADE LIMITADA,SP,São Paulo
43236479000172,EM FUNCIONAMENTO NORMAL,2021-08-26,null,6553378.16,43236479000172,SP,ARIEN ENERGY VENTURES I FUNDO DE INVESTIMENTO EM PARTICIPACOES EM INFRAESTRUTURA RESP LIMITADA,SP,São Paulo
33354650000194,EM FUNCIONAMENTO NORMAL,2019-07-15,null,232838129.7,33354650000194,MG,FUNDO DE INVESTIMENTO IMOBILIARIO AVM FII RESPONSABILIDADE LIMITADA,MG,Minas Gerais
28320756000137,EM FUNCIONAMENTO NORMAL,2019-01-17,0.5,3035611410.71,28320756000137,SP,CLASSE UNICA DO WESTERN ASSET TOTAL CREDIT ADVISORY FI EM COTAS DE FI FINANCEIRO RF CP RESP. LTDA,SP,São Paulo
31963246000192,EM FUNCIONAMENTO NORMAL,2019-03-18,2,2488248.35,31963246000192,SP,SERRA DE BRAGANCA FUNDO DE INVESTIMENTO MULTIMERCADO,SP,São Paulo
40905548000103,EM FUNCIONAMENTO NORMAL,2021-03-01,1,34875454.72,40905548000103,RJ,FUNDO DE INVESTIMENTO EM COTAS DE FUNDOS DE INVESTIMENTO MULTIMERCADO EMPIRICA LOTUS HY CREDITO PRIVADO,RJ,Rio de Janeiro
37087982000100,EM FUNCIONAMENTO NORMAL,2020-05-11,null,848377.45,37087982000100,SP,LHOTSE BRASIL PARTNERS I N - FUNDO DE INVESTIMENTO EM PARTICIPACOES MULTIESTRATEGIA IE RESP LIMITADA,SP,São Paulo
50587789000105,EM FUNCIONAMENTO NORMAL,2023-05-08,null,82132717.6,50587789000105,SP,HT3 FUNDO DE INVESTIMENTO MULTIMERCADO CREDITO PRIVADO IE,SP,São Paulo
37651102000187,EM FUNCIONAMENTO NORMAL,2022-02-02,null,110478913.01,37651102000187,SP,BARCELONA FUNDO DE INVESTIMENTO EM DIREITOS CREDITORIOS RESPONSABILIDADE LIMITADA,SP,São Paulo
42562105000184,EM FUNCIONAMENTO NORMAL,2022-01-18,null,0,42562105000184,SP,AGILE INVESTE FUNDO DE INVESTIMENTO MULTIMERCADO,SP,São Paulo
45788850000134,EM FUNCIONAMENTO NORMAL,2022-07-07,null,4008890188.85,45788850000134,SP,GIP HELIOS FUNDO DE INVESTIMENTO EM PARTICIPACOES MULTIESTRATEGIA,SP,São Paulo
27826059000190,EM FUNCIONAMENTO NORMAL,2017-10-23,0.6,217155719.11,27826059000190,MG,INTER PREMIUM FUNDO DE INVESTIMENTO FINANCEIRO RENDA FIXA CREDITO PRIVADO LONGO PRAZO RESP LIMITADA,MG,Minas Gerais
43876638000101,EM FUNCIONAMENTO NORMAL,2022-03-08,null,4765027.17,43876638000101,MG,IA CARTEIRA MULT FC DE FUNDO DE INVESTIMENTO FINANCEIRO MULT CRED PRIV RESPONSABILIDADE LIMITADA,MG,Minas Gerais
50312715000158,EM FUNCIONAMENTO NORMAL,2023-04-13,null,174841179.54,50312715000158,SP,PFC FUNDO DE INVESTIMENTO EM DIREITOS CREDITORIOS NAO PADRONIZADO,SP,São Paulo
07110963000197,EM FUNCIONAMENTO NORMAL,2005-02-11,0.15,4371767368.75,07110963000197,SP,CLASSE UNICA DO MAPLE FUNDO DE INVESTIMENTO FINANCEIRO MULTIMERCADO CP INVESTIMENTO NO EXTERIOR,SP,São Paulo
21254224000108,EM FUNCIONAMENTO NORMAL,2014-10-27,null,18889786.18,21254224000108,SP,GREEN FUNDO DE INVESTIMENTO EM PARTICIPACOES MULTIESTRATEGIA - RESPONSABILIDADE LIMITADA,SP,São Paulo
12271294000175,EM FUNCIONAMENTO NORMAL,2010-09-23,null,113245944.88,12271294000175,SP,FIX METALICO FUNDO DE INVESTIMENTO EM PARTICIPACOES MULTIESTRATEGIA,SP,São Paulo
49637003000120,EM FUNCIONAMENTO NORMAL,2023-02-16,null,130423320.71,49637003000120,SP,BAY INVEST FUNDO DE INVESTIMENTO EM PARTICIPACOES MULTIESTRATEGIA,SP,São Paulo
18653128000110,EM FUNCIONAMENTO NORMAL,2013-08-13,null,101951786.23,18653128000110,SP,ETNA LBO V FUNDO DE INVESTIMENTO EM PARTICIPACOES MULTIESTRATEGIA IE RESPONSABILIDADE LIMITADA,SP,São Paulo
17213759000155,EM FUNCIONAMENTO NORMAL,2013-05-20,null,332436812.15,17213759000155,SP,FUNDO DE INVESTIMENTO EM PARTICIPACOES FONTAINE VILLE URBANISMO,SP,São Paulo
36729755000179,EM FUNCIONAMENTO NORMAL,2020-06-19,0.9,219973484.55,36729755000179,RJ,GALAPAGOS DRAGON FUNDO DE INVESTIMENTO EM COTAS DE FUNDOS DE INVESTIMENTO MULTIMERCADO CREDITO PRIVADO,RJ,Rio de Janeiro
32321319000105,EM FUNCIONAMENTO NORMAL,2021-07-23,null,1215227.93,32321319000105,SP,BRAFIC CONSTRUCAO CIVIL FI EM DIREITOS CREDITORIOS NAO-PADRONIZADOS RESPONSABILIDADE LIMITADA,SP,São Paulo
49983964000196,EM FUNCIONAMENTO NORMAL,2023-03-17,null,723976343.06,49983964000196,SP,CLASSE UNICA DO WESTERN ASSET CREDITO BANCARIO PLUS FI FINANCEIRO RF CP RESP LIMITADA,SP,São Paulo
32244578000180,EM FUNCIONAMENTO NORMAL,2019-02-11,null,33982127.42,32244578000180,SP,SUN FUNDO DE INVESTIMENTO MULTIMERCADO CREDITO PRIVADO,SP,São Paulo
36731458000168,EM FUNCIONAMENTO NORMAL,2020-04-23,null,72851878.75,36731458000168,SP,KRONOS FUNDO DE INVESTIMENTO IMOBILIARIO,SP,São Paulo
42196361000103,EM FUNCIONAMENTO NORMAL,2022-11-04,null,1726899.04,42196361000103,SP,GRIFFIN INVESTMENTS FUNDO DE INVESTIMENTO EM DIREITOS CREDITORIOS NAO PADRONIZADOS RESP LIMITADA,SP,São Paulo
50948197000163,EM FUNCIONAMENTO NORMAL,2023-06-05,null,990299.19,50948197000163,SP,CESSIONARIO 2 FUNDO DE INVESTIMENTO EM DIREITOS CREDITORIOS NAO-PADRONIZADOS RESP LIMITADA,SP,São Paulo
22802858000102,EM FUNCIONAMENTO NORMAL,2015-07-08,null,833157877.09,22802858000102,SP,EVEREST BRASIL PARTNERS I - FUNDO DE INVESTIMENTO EM PARTICIPACOES MULTIESTRATEGIA IE RESP LIMITADA,SP,São Paulo
22219279000131,EM FUNCIONAMENTO NORMAL,2015-04-13,null,26425699.66,22219279000131,SP,QUARTZO RUTILO FUNDO DE INVESTIMENTO EM PARTICIPACOES MULTIESTRATEGIA,SP,São Paulo
30871738000195,EM FUNCIONAMENTO NORMAL,2018-07-18,null,386700.25,30871738000195,SP,DENALI BRASIL PARTNERS I F FUNDO DE INVESTIMENTO EM PARTICIPACOES MULTIESTRATEGIA IE RESP LIMITADA,SP,São Paulo
12586174000167,EM FUNCIONAMENTO NORMAL,2016-10-20,null,47824944.99,12586174000167,SP,NOVA PARTICIPACOES - FUNDO DE INVESTIMENTO EM COTAS DE FUNDOS DE INVESTIMENTO MULTIMERCADO CREDITO PRIVADO,SP,São Paulo
05024659000100,EM FUNCIONAMENTO NORMAL,2005-03-16,1.1,14453495.47,05024659000100,SP,CLASSE UNICA DO WESTERN ASSET MULTITRADING H FI FINANCEIRO MULTIMERCADO - RESP LIMITADA,SP,São Paulo
48328958000132,EM FUNCIONAMENTO NORMAL,2022-12-08,null,981206.52,48328958000132,SP,STAR VENTURES FUNDO DE INVESTIMENTO EM PARTICIPACOES MULTIESTRATEGIA IE - RESPONSABILIDADE LIMITADA,SP,São Paulo
45017499000188,EM FUNCIONAMENTO NORMAL,2022-04-19,0.1411,150167641.59,45017499000188,SP,BNP PARIBAS MAIS VIDA III CLASSE DE INVESTIMENTO EM CIC MULTIMERCADO CREDITO PRIVADO RESP LIMITADA,SP,São Paulo
27882134000130,EM FUNCIONAMENTO NORMAL,2017-10-23,null,8893011.84,27882134000130,MG,APOLO FUNDO DE INVESTIMENTO IMOBILIARIO,MG,Minas Gerais
39344840000107,EM FUNCIONAMENTO NORMAL,2020-11-17,2,8940141.89,39344840000107,MG,INTER ACOES VALOR FUNDO DE INVESTIMENTO FINANCEIRO EM ACOES RESPONSABILIDADE LIMITADA,MG,Minas Gerais
06905783000139,EM FUNCIONAMENTO NORMAL,2004-12-30,null,19597924.32,06905783000139,SP,INVESTIMAGE 2 - FUNDO DE FINANCIAMENTO DA INDUSTRIA CINEMATOGRAFICA NACIONAL - FUNCINE,SP,São Paulo
00817677000117,EM FUNCIONAMENTO NORMAL,2005-03-17,0.45,222487899.93,00817677000117,SP,CLASSE UNICA DO WESTERN ASSET ALPHA CREDIT RF FUNDO DE INVESTIMENTO FINANCEIRO CP RESP LIMITADA,SP,São Paulo
50269714000178,EM FUNCIONAMENTO NORMAL,2023-04-11,null,340819553.09,50269714000178,SP,ID RF FUNDO DE INVESTIMENTO FINANCEIRO RENDA FIXA LONGO PRAZO,SP,São Paulo
39281116000181,EM FUNCIONAMENTO NORMAL,2020-11-06,5,6293022.87,39281116000181,MG,INTER ACCESS BOGARI VALUE FC DE FUNDOS DE INVESTIMENTO FINANCEIRO EM ACOES RESPONSABILIDADE LIMITADA,MG,Minas Gerais
34736474000118,EM FUNCIONAMENTO NORMAL,2019-09-24,null,236780267.53,34736474000118,SP,RBR DESENVOLVIMENTO COMERCIAL I - FUNDO DE INVESTIMENTO IMOBILIARIO RESPONSABILIDADE LIMITADA,SP,São Paulo
42736004000182,EM FUNCIONAMENTO NORMAL,2021-12-29,null,11142306.83,42736004000182,SP,PCS II COSTA ESMERALDA FUNDO DE INVESTIMENTO EM PARTICIPACOES INFRAESTRUTURA,SP,São Paulo
40311750000107,EM FUNCIONAMENTO NORMAL,2021-06-24,null,31329809.61,40311750000107,SP,FEEAGRO FUNDO DE INVESTIMENTO EM PARTICIPACOES - CAPITAL SEMENTE RESPONSABILIDADE LIMITADA,SP,São Paulo
50051913000105,EM FUNCIONAMENTO NORMAL,2023-03-23,null,54553165.53,50051913000105,SP,NXC FUNDO DE INVESTIMENTO MULTIMERCADO CREDITO PRIVADO,SP,São Paulo
17574820000190,EM FUNCIONAMENTO NORMAL,2013-02-28,0.3,1093018.92,17574820000190,SP,COASTAL FUNDO DE INVESTIMENTO EM ACOES,SP,São Paulo
03499367000190,EM FUNCIONAMENTO NORMAL,2005-03-16,0.4,240294459.84,03499367000190,SP,CLASSE UNICA DO WESTERN ASSET RF ATIVO FUNDO DE INVESTIMENTO FINANCEIRO - RESP LIMITADA,SP,São Paulo
17340392000130,EM FUNCIONAMENTO NORMAL,2014-03-07,0.3,397771815.63,17340392000130,SP,JPMORGAN GLOBAL RESEARCH ENHANCED INDEX EQUITY CLASSE DE INVESTIMENTO ACOES IE RESP LIMITADA,SP,São Paulo
46557432000107,EM FUNCIONAMENTO NORMAL,2022-07-07,null,4120348.03,46557432000107,SP,ACELERA CASH FUNDO DE INVESTIMENTO EM DIREITOS CREDITORIOS,SP,São Paulo
21331225000109,EM FUNCIONAMENTO NORMAL,2015-02-10,null,-1519081.16,21331225000109,RJ,EDUCACAO BR FUNDO DE INVESTIMENTO EM PARTICIPACOES,RJ,Rio de Janeiro
47423757000151,EM FUNCIONAMENTO NORMAL,2022-10-20,65,328030434.2,47423757000151,MG,RENDA FUNDO DE INVESTIMENTO FINANCEIRO RENDA FIXA LONGO PRAZO TITULOS PUBL IMA GERAL RESP LIMITADA,MG,Minas Gerais
05627929000169,EM FUNCIONAMENTO NORMAL,2005-04-04,0.12,1156960284.35,05627929000169,SP,MAPFRE EMPRESAS CLASSE DE INVESTIMENTO RENDA FIXA - RESPONSABILIDADE LIMITADA,SP,São Paulo
45521676000169,EM FUNCIONAMENTO NORMAL,2022-10-27,null,355153483.58,45521676000169,SP,HAWKER FUNDO DE INVESTIMENTO EM DIREITOS CREDITORIOS NAO PADRONIZADOS,SP,São Paulo
23781192000116,EM FUNCIONAMENTO NORMAL,2016-12-19,null,3092408105.04,23781192000116,SP,GLP INVESTIMENTOS IV FUNDO DE INVESTIMENTO EM PARTICIPACOES MULTIESTRATEGIA,SP,São Paulo
50948092000104,EM FUNCIONAMENTO NORMAL,2023-06-05,null,20426612.1,50948092000104,SP,CESSIONARIO 1 FUNDO DE INVESTIMENTO EM DIREITOS CREDITORIOS NAO-PADRONIZADOS RESP LIMITADA,SP,São Paulo
43648593000100,EM FUNCIONAMENTO NORMAL,2021-12-02,null,14628623.16,43648593000100,SP,FC MONEY FUNDO DE INVESTIMENTO EM DIREITOS CREDITORIOS RESPONSABILIDADE LIMITADA,SP,São Paulo
09315625000117,EM FUNCIONAMENTO NORMAL,2008-07-08,1,12132587.01,09315625000117,RJ,SECURITY RENDA FIXA REFERENCIADO DI LONGO PRAZO CREDITO PRIVADO,RJ,Rio de Janeiro
45899460000131,EM FUNCIONAMENTO NORMAL,2022-09-28,null,51437667.79,45899460000131,SP,VOLUS FUNDO DE INVESTIMENTO EM DIREITOS CREDITORIOS NAO-PADRONIZADOS RESPONSABILIDADE LIMITADA,SP,São Paulo
24764405000164,EM FUNCIONAMENTO NORMAL,2016-04-18,null,101745974.96,24764405000164,SP,AEROTEC - FUNDO DE INVESTIMENTO EM PARTICIPACOES MULTIESTRATEGIA,SP,São Paulo
44428854000149,EM FUNCIONAMENTO NORMAL,2022-09-25,null,121722430.1,44428854000149,SP,CSHG JIVE DISTRESSED & SPECIAL SITS IV ALLOCATION FIC DE FIF MULTI CP RESPONSABILIDADE LIMITADA,SP,São Paulo
36764134000126,EM FUNCIONAMENTO NORMAL,2020-03-25,5,29631575.66,36764134000126,MG,INTER ACCESS ATMOS FC DE FUNDOS DE INVESTIMENTO FINANCEIRO EM ACOES RESPONSABILIDADE LIMITADA,MG,Minas Gerais
97543707000186,EM FUNCIONAMENTO NORMAL,2011-08-31,0,207997837.75,97543707000186,SP,BLACKROCK INSTITUCIONAL IBOVESPA CLASSE DE INVESTIMENTO EM ACOES - RESPONSABILIDADE LIMITADA,SP,São Paulo
38443033000189,EM FUNCIONAMENTO NORMAL,2021-02-10,0.98,57158855.76,38443033000189,SP,BNP PARIBAS INFRAESTRUTURA CIC RF SUSTENTAVEL IS - RESPONSABILIDADE LIMITADA,SP,São Paulo
41751844000151,EM FUNCIONAMENTO NORMAL,2022-07-14,null,0,41751844000151,SP,MARSELHA FUNDO DE INVESTIMENTO FINANCEIRO CREDITO PRIVADO RESPONSABILIDADE LIMITADA,SP,São Paulo
45721977000136,EM FUNCIONAMENTO NORMAL,2022-07-19,null,171231492.45,45721977000136,SP,MONARCA FI EM COTAS DE FUNDOS DE INVESTIMENTO EM DIREITOS CREDITORIOS RESPONSABILIDADE LIMITADA,SP,São Paulo
49733651000180,EM FUNCIONAMENTO NORMAL,2023-02-27,0.08,12221861.78,49733651000180,RJ,GENEPI FI EM COTAS DE FIF MULTIMERCADO CREDITO PRIVADO - RESPONSABILIDADE LIMITADA,RJ,Rio de Janeiro
28849641000134,EM FUNCIONAMENTO NORMAL,2018-03-19,null,30434543.45,28849641000134,SP,SQUID FUNDO DE INVESTIMENTO EM DIRETOS CREDITORIOS,SP,São Paulo
49651245000178,EM FUNCIONAMENTO NORMAL,2023-02-17,null,12361162.04,49651245000178,SP,BAY GUANABARA FUNDO DE INVESTIMENTO MULTIMERCADO CREDITO PRIVADO INVESTIMENTO NO EXTERIOR,SP,São Paulo
36741133000166,EM FUNCIONAMENTO NORMAL,2020-06-30,null,533463846.92,36741133000166,SP,AFRICA FUNDO DE INVESTIMENTO MULTIMERCADO RESPONSABILIDADE LIMITADA,SP,São Paulo
25108905000100,EM FUNCIONAMENTO NORMAL,2016-12-09,0.2,104486934.63,25108905000100,SP,BNP PARIBAS MASTER INFRAESTRUTURA CLASSE DE INVESTIMENTO RENDA FIXA SUSTENTAVEL IS - RESP LIMITADA,SP,São Paulo
50184026000105,EM FUNCIONAMENTO NORMAL,2023-04-03,null,33905486.06,50184026000105,SP,AMALFI FUNDO DE INVESTIMENTO EM DIREITOS CREDITORIOS RESPONSABILIDADE LIMITADA,SP,São Paulo
36741161000183,EM FUNCIONAMENTO NORMAL,2020-07-16,null,46052742.38,36741161000183,SP,NANBAN FUNDO DE INVESTIMENTO EM DIREITOS CREDITORIOS NAO PADRONIZADOS RESPONSABILIDADE LIMITADA,SP,São Paulo
50808042000121,EM FUNCIONAMENTO NORMAL,2023-05-24,null,476994955.71,50808042000121,SP,VBI TR FARIA LIMA 4440 FUNDO DE INVESTIMENTO IMOBILIARIO,SP,São Paulo
46268214000144,EM FUNCIONAMENTO NORMAL,2022-06-01,null,221907774.7,46268214000144,SP,ORE FOSFATO MORRO VERDE FUNDO DE INVESTIMENTO EM PARTICIPACOES - MULTIESTRATEGIA RESPONSABILIDADE LI,SP,São Paulo
48996311000189,EM FUNCIONAMENTO NORMAL,2022-12-28,null,7635102.32,48996311000189,SP,ABP VENTURES FUNDO DE INVESTIMENTO MULTIMERCADO CREDITO PRIVADO INVESTIMENTO NO EXTERIOR,SP,São Paulo
14217108000145,EM FUNCIONAMENTO NORMAL,2011-11-16,null,325711119.73,14217108000145,SP,FUNDO DE INVESTIMENTO IMOBILIARIO INDUSTRIAL DO BRASIL,SP,São Paulo
51199121000145,EM FUNCIONAMENTO NORMAL,2023-06-27,null,3575207.71,51199121000145,SP,2MONEY FUNDO DE INVESTIMENTO EM DIREITOS CREDITORIOS NAO-PADRONIZADOS RESPONSABILIDADE LIMITADA,SP,São Paulo
42260903000151,EM FUNCIONAMENTO NORMAL,2021-07-08,null,584749706.55,42260903000151,RJ,RIZA STATHEROS FUNDO DE INVESTIMENTO EM COTAS DE FUNDOS DE INVESTIMENTO MULTIMERCADO CREDITO PRIVADO,RJ,Rio de Janeiro
32222722000187,EM FUNCIONAMENTO NORMAL,2019-04-03,0.25,1881522726.07,32222722000187,SP,BNP PARIBAS CRED INSTITUCIONAL SUSTENTAVEL IS CI EM CLASSES DE INVESTIMENTO RF CP LP - RESP LIMITADA,SP,São Paulo
23700564000132,EM FUNCIONAMENTO NORMAL,2016-12-13,null,513510.04,23700564000132,SP,LUNA FUNDO DE INVESTIMENTO EM PARTICIPACOES MULTIESTRATEGIA,SP,São Paulo
45019108000164,EM FUNCIONAMENTO NORMAL,2022-03-23,null,13428907.32,45019108000164,SP,UJAY SPARTA CAPITAL FUNDO DE INVESTIMENTO EM DIREITOS CREDITORIOS NAO-PADRONIZADOS FIDC NP,SP,São Paulo
39976918000106,EM FUNCIONAMENTO NORMAL,2021-01-07,null,44560823.69,39976918000106,SP,OCA FUNDO DE INVESTIMENTO EM PARTICIPACOES EM EMPRESAS EMERGENTES,SP,São Paulo
14167491000174,EM FUNCIONAMENTO NORMAL,2012-05-11,0.02,1400771899.08,14167491000174,SP,BNP PARIBAS MASTER CASH DI REFERENCIADO CLASSE DE INVESTIMENTO RENDA FIXA - RESP LIMITADA,SP,São Paulo
09194841000151,EM FUNCIONAMENTO NORMAL,2007-11-30,null,180332926.72,09194841000151,SP,ATLANTICO FUNDO DE INVESTIMENTO EM DIREITOS CREDITORIOS RESPONSABILIDADE LIMITADA,SP,São Paulo
33361873000189,EM FUNCIONAMENTO NORMAL,2019-06-18,0.07,65628655.68,33361873000189,SP,BLACKROCK GLOBAL EVENT DRIVEN MASTER CLASSE DE INVESTIMENTO MULTIMERCADO RESPONSABILIDADE LIMITADA,SP,São Paulo
28065477000174,EM FUNCIONAMENTO NORMAL,2019-08-02,null,360336152.72,28065477000174,SP,FUTURAMA FUNDO DE INVESTIMENTO MULTIMERCADO CREDITO PRIVADO INVESTIMENTO NO EXTERIOR,SP,São Paulo
48373413000148,EM FUNCIONAMENTO NORMAL,2022-12-09,null,277602478.53,48373413000148,SP,CIX ITAPURANGA FUNDO DE INVESTIMENTO IMOBILIARIO RESPONSABILIDADE LIMITADA,SP,São Paulo
01356517000180,EM FUNCIONAMENTO NORMAL,1996-07-24,null,168781084.39,01356517000180,RJ,LAGRA-FUNDO DE INVESTIMENTO IMOBILIARIO,RJ,Rio de Janeiro
12834634000129,EM FUNCIONAMENTO NORMAL,2010-10-18,null,372240.51,12834634000129,SP,FUNDO DE INVESTIMENTO EM PARTICIPACOES BRASIL DE PRIVATE EQUITY III MULTIESTRATEGIA - EM LIQUIDACAO,SP,São Paulo
49176545000142,EM FUNCIONAMENTO NORMAL,2023-01-13,null,23446391.81,49176545000142,SP,RIVER II FUNDO DE INVESTIMENTO EM DIREITOS CREDITORIOS NAO-PADRONIZADOS RESPONSABILIDADE LIMITADA,SP,São Paulo
12239939000192,EM FUNCIONAMENTO NORMAL,2011-09-21,2.02,65587716.5,12239939000192,SP,BNP PARIBAS ACTION CLASSE DE INVESTIMENTO EM CLASSES DE INVESTIMENTO DE ACOES - RESP LIMITADA,SP,São Paulo
35819219000100,EM FUNCIONAMENTO NORMAL,2020-07-24,0.4,1055179864.6,35819219000100,SP,JIVE DISTRESSED III OFFSHORE FIC DE FIF MULTI CP RESPONSABILIDADE LIMITADA,SP,São Paulo
07766151000102,EM FUNCIONAMENTO NORMAL,2006-01-09,null,0,07766151000102,RJ,FUNDO DE INVESTIMENTO EM DIREITOS CREDITORIOS BCSUL VERAX MULTICRED FINANCEIRO,RJ,Rio de Janeiro
11769285000146,EM FUNCIONAMENTO NORMAL,2010-07-23,0.58,2663857309.05,11769285000146,SP,SPHERE CLASSE DE INVESTIMENTO MULTIMERCADO CREDITO PRIVADO INVESTIMENTO NO EXTERIOR,SP,São Paulo
51339815000130,EM FUNCIONAMENTO NORMAL,2023-07-07,null,81792663.77,51339815000130,SP,AVT LOG FUNDO DE INVESTIMENTO EM PARTICIPACOES INFRAESTRUTURA,SP,São Paulo
24768711000179,EM FUNCIONAMENTO NORMAL,2016-05-18,null,83042735.61,24768711000179,RJ,OPUS MEDICAL - FUNDO DE INVESTIMENTO EM PARTICIPACOES MULTIESTRATEGIA INVESTIMENTO NO EXTERIOR,RJ,Rio de Janeiro
39784273000100,EM FUNCIONAMENTO NORMAL,2020-12-29,null,57316668.92,39784273000100,SP,GO PRO ENERGIA FUNDO DE INVESTIMENTO EM PARTICIPACOES MULTIESTRATEGIA,SP,São Paulo
44680424000110,EM FUNCIONAMENTO NORMAL,2022-01-21,null,51529049.21,44680424000110,SP,SANTA BARBARA FUNDO DE INVESTIMENTO EM DIREITOS CREDITORIOS MULTISSETORIAL- RESP LIMITADA,SP,São Paulo
43105440000116,EM FUNCIONAMENTO NORMAL,2021-08-25,null,5886041.3,43105440000116,SP,BNP PARIBAS SOBERANO II CIC DE CLASSE DE INVESTIMENTO RENDA FIXA SIMPLES - RESP LIMITADA,SP,São Paulo
48389780000130,EM FUNCIONAMENTO NORMAL,2022-12-11,null,239776833.04,48389780000130,SP,CIX MUIRAQUITAN FUNDO DE INVESTIMENTO IMOBILIARIO RESPONSABILIDADE LIMITADA,SP,São Paulo
22773421000198,EM FUNCIONAMENTO NORMAL,2016-03-31,0.15,654786059.36,22773421000198,SP,CLASSE UNICA DO WESTERN ASSET SOBERANO II RF REFERENCIADO SELIC FI FINANACEIRO - RESP LIMITADA,SP,São Paulo
12107669000166,EM FUNCIONAMENTO NORMAL,2012-06-01,0.02,2389479880.72,12107669000166,SP,BNP PARIBAS MASTER CREDITO SUSTENTAVEL IS CI RENDA FIXA CREDITO PRIVADO LONGO PRAZO - RESP LIMITADA,SP,São Paulo
12107422000140,EM FUNCIONAMENTO NORMAL,2011-09-06,0.8,192522690.85,12107422000140,SP,ZURICH BNPP RENDA FIXA CIC DE CLASSES DE INVESTIMENTO PREVIDENCIARIA - RESP LIMITADA,SP,São Paulo
21917293000146,EM FUNCIONAMENTO NORMAL,2015-03-10,null,1002975.4,21917293000146,SP,GAUDI FUNDO DE INVESTIMENTO EM PARTICIPACOES MULTIESTRATEGIA,SP,São Paulo
27531301000106,EM FUNCIONAMENTO NORMAL,2017-05-29,null,47309749.17,27531301000106,SP,QUANTHAS FUNDO DE INVESTIMENTO EM DIREITOS CREDITORIOS MULTISSETORIAL - RESPONSABILIDADE LIMITADA,SP,São Paulo
50153414000129,EM FUNCIONAMENTO NORMAL,2023-03-30,null,34463836.5,50153414000129,SP,INVESTMACH FUNDO DE INVESTIMENTO EM DIREITOS CREDITORIOS - FIDC,SP,São Paulo
40140470000175,EM FUNCIONAMENTO NORMAL,2021-03-15,0.5,47323148.28,40140470000175,SP,BNP PARIBAS INFRA INSTITUCIONAL CI EM CLASSES DE INVESTIMENTO RF SUSTENTAVEL IS - RESP LIMITADA,SP,São Paulo
09087483000188,EM FUNCIONAMENTO NORMAL,2010-01-11,2,17207908.88,09087483000188,SP,WESTERN ASSET DIVIDEND YIELD FUNDO DE INVESTIMENTO FINANCEIRO EM ACOES - RESPONSABILIDADE LIMITADA,SP,São Paulo
44570797000138,EM FUNCIONAMENTO NORMAL,2021-12-30,null,21583567.41,44570797000138,SP,VSG I FUNDO DE INVESTIMENTO EM PARTICIPACOES MULTIESTRATEGIA,SP,São Paulo
49974540000165,EM FUNCIONAMENTO NORMAL,2023-03-17,null,33982036.65,49974540000165,SP,HT3 II FUNDO DE INVESTIMENTO EM DIREITOS CREDITORIOS NAO PADRONIZADO,SP,São Paulo
16734970000150,EM FUNCIONAMENTO NORMAL,2012-08-23,null,110529787.77,16734970000150,SP,ICP - FUNDO DE INVESTIMENTO EM PARTICIPACOES MULTIESTRATEGIA INVESTIMENTO NO EXTERIOR,SP,São Paulo
16703203000184,EM FUNCIONAMENTO NORMAL,2013-01-16,0.75,26735208.25,16703203000184,SP,WESTERN ASSET PREV IBRX ALPHA ACOES FIC DE FUNDOS DE INVESTIMENTO FINANCEIRO RESP LIMITADA,SP,São Paulo
02918931000107,EM FUNCIONAMENTO NORMAL,2005-03-28,1.5,28564084.56,02918931000107,SP,BNP PARIBAS MAPFRE MAXI RENDA FIXA CIC DE CLASSES DE INVESTIMENTO PREVIDENCIARIA - RESP LIMITADA,SP,São Paulo
46628381000159,EM FUNCIONAMENTO NORMAL,2022-07-19,null,6774129.91,46628381000159,SP,KATLA FUNDO DE INVESTIMENTO MULTIMERCADO CREDITO PRIVADO,SP,São Paulo
47033209000115,EM FUNCIONAMENTO NORMAL,2022-07-28,null,85876416.7,47033209000115,RJ,IPANEMA PREVIDENCIARIO FIF MULTIMERCADO CREDITO PRIVADO - RESPONSABILIDADE LIMITADA,RJ,Rio de Janeiro
42295379000154,EM FUNCIONAMENTO NORMAL,2021-08-16,null,156748030.64,42295379000154,MG,IG FUNDO DE INVESTIMENTO FINANCEIRO RENDA FIXA CREDITO PRIVADO RESPONSABILIDADE LIMITADA,MG,Minas Gerais
50555281000117,EM FUNCIONAMENTO NORMAL,2023-05-04,null,16710510.2,50555281000117,SP,RECEBIVEIS BRASIL INFRA FUNDO DE INVESTIMENTO EM DIREITOS CREDITORIOS NAO-PADRONIZADOS,SP,São Paulo
49963418000193,EM FUNCIONAMENTO NORMAL,2023-03-16,null,193580582.71,49963418000193,SP,OPI CREDITO AGRICOLA FI NAS CADEIAS PRODUTIVAS AGROINDUSTRIAIS FIAGRO - DC - RESP LIMITADA,SP,São Paulo
34691300000186,EM FUNCIONAMENTO NORMAL,2020-04-13,null,15679307.15,34691300000186,SP,ALPHA CREDITO FUNDO DE INVESTIMENTO EM DIREITOS CREDITORIOS,SP,São Paulo
41557609000143,EM FUNCIONAMENTO NORMAL,2021-09-06,null,45424395.87,41557609000143,SP,SUN FUNDO DE INVESTIMENTO EM DIREITOS CREDITORIOS NAO-PADRONIZADOS RESPONSABILIDADE LIMITADA,SP,São Paulo
08815386000100,EM FUNCIONAMENTO NORMAL,2007-08-10,1,10716897.9,08815386000100,MG,INTER SELECTION ACOES FC DE FUNDO DE INVESTIMENTO FINANCEIRO EM ACOES RESPONSABILIDADE LIMITADA,MG,Minas Gerais
36098375000183,EM FUNCIONAMENTO NORMAL,2020-02-17,null,117868181.76,36098375000183,MG,BTSP I FUNDO DE INVESTIMENTO IMOBILIARIO FII RESPONSABILIDADE LIMITADA,MG,Minas Gerais
33429343000125,EM FUNCIONAMENTO NORMAL,2019-09-18,0.03,361746972.41,33429343000125,SP,DB HOLDING CLASSE DE INVESTIMENTO MULTIMERCADO INVESTIMENTO NO EXTERIOR CREDITO PRIVADO,SP,São Paulo
36115022000144,EM FUNCIONAMENTO NORMAL,2020-08-05,null,153651859.95,36115022000144,SP,SAVANA FUNDO DE INVESTIMENTO EM PARTICIPACOES MULTIESTRATEGIA,SP,São Paulo
36443522000105,EM FUNCIONAMENTO NORMAL,2020-02-21,25,1814051772.98,36443522000105,MG,INTER CORPORATE FUNDO DE INVESTIMENTO FINANCEIRO RENDA FIXA CREDITO PRIVADO RESP LIMITADA,MG,Minas Gerais
28296597000182,EM FUNCIONAMENTO NORMAL,2018-06-07,null,53160744.55,28296597000182,SP,HT3 FUNDO DE INVESTIMENTO EM DIREITOS CREDITORIOS RESPONSABILIDADE LIMITADA,SP,São Paulo
44638491000176,EM FUNCIONAMENTO NORMAL,2022-11-08,null,31123895.81,44638491000176,SP,MATECH PAR FUNDO DE INVESTIMENTO EM PARTICIPACOES CAPITALSEMENTE,SP,São Paulo
42315695000140,EM FUNCIONAMENTO NORMAL,2021-08-26,null,32117449.68,42315695000140,MG,INTER ACESS ABSOLUTE VERTEX FC DE FUNDO DE INVESTIMENTO FINANCEIRO MULTIMERCADO,MG,Minas Gerais
16570371000149,EM FUNCIONAMENTO NORMAL,2012-08-01,2,2771984.61,16570371000149,SP,BBT MULTIMERCADO FUNDO DE INVESTIMENTO FINANCEIRO,SP,São Paulo
43236423000118,EM FUNCIONAMENTO NORMAL,2021-08-24,null,356313621.32,43236423000118,SP,CLOUD9 CAPITAL FUNDO DE INVESTIMENTO EM PARTICIPACOES MULTIESTRATEGIA,SP,São Paulo
29881003000163,EM FUNCIONAMENTO NORMAL,2019-01-23,0.01,492641344.73,29881003000163,SP,SILEX FUNDO DE INVESTIMENTO MULTIMERCADO CREDITO PRIVADO INVESTIMENTO NO EXTERIOR,SP,São Paulo
02918923000152,EM FUNCIONAMENTO NORMAL,2005-03-28,2,6269533.2,02918923000152,SP,BNP PARIBAS MAPFRE MAXI 20 MULTIMERCADO CIC COTAS DE CI PREVIDENCIARIA - RESPONSABILIDADE LIMITADA,SP,São Paulo
10500895000187,EM FUNCIONAMENTO NORMAL,2008-12-02,null,11233527.14,10500895000187,SP,INVESTIMAGE 1 FUNDO DE FINANCIAMENTO DA INDUSTRIA CINEMATOGRAFICA NACIONAL - FUNCINE,SP,São Paulo
45254732000146,EM FUNCIONAMENTO NORMAL,2022-03-10,null,40219833.57,45254732000146,RJ,POXIM FUNDO DE INVESTIMENTO IMOBILIARIO RESPONSABILIDADE LIMITADA,RJ,Rio de Janeiro
36312772000106,EM FUNCIONAMENTO NORMAL,2020-02-18,null,51206622.27,36312772000106,MG,INTER TEVA INDICE DE PAPEL FUNDO DE INVESTIMENTO IMOBILIARIO FII RESPONSABILIDADE LIMITADA,MG,Minas Gerais
14067624000130,EM FUNCIONAMENTO NORMAL,2011-10-28,null,151818.15,14067624000130,SP,FUNDO DE INVESTIMENTO EM PARTICIPACOES EM HOTELARIA MULTIESTRATEGIA,SP,São Paulo
35819666000150,EM FUNCIONAMENTO NORMAL,2020-06-19,2,1660425541.4,35819666000150,SP,JIVE DISTRESSED III ONSHORE FIC DE FIF MULTIMERCADO - CREDITO PRIVADO RESPONSABILIDADE LIMITADA,SP,São Paulo
51476870000172,EM FUNCIONAMENTO NORMAL,2023-07-19,null,104178933.33,51476870000172,SP,DELTA FUNDO DE INVESTIMENTO IMOBILIARIO,SP,São Paulo
52317521000170,EM FUNCIONAMENTO NORMAL,2023-09-26,null,4511806.83,52317521000170,SP,IAT FUNDO DE INVESTIMENTO MULTIMERCADO RESPONSABILIDADE LIMITADA CREDITO PRIVADO IE,SP,São Paulo
47983885000150,EM FUNCIONAMENTO NORMAL,2022-12-08,null,104665260.6,47983885000150,SP,AXA IM SILVANUS FUND FUNDO DE INVESTIMENTO EM PARTICIPACOES MULTIESTRATEGIA RESPONSABILIDADE LIMITAD,SP,São Paulo
50399189000105,EM FUNCIONAMENTO NORMAL,2023-04-20,null,94222443.81,50399189000105,SP,FUNDO DE INVESTIMENTO IMOBILIARIO DE UNIDADES AUTONOMAS III RESPONSABILIDADE LIMITADA,SP,São Paulo
33240249000123,EM FUNCIONAMENTO NORMAL,2019-06-21,null,2407666956.62,33240249000123,SP,KILAUEA BRASIL PARTNERS II - FUNDO DE INVESTIMENTO EM PARTICIPACOES MULTIESTRATEGIA IE RESP LIMITADA,SP,São Paulo
50226162000110,EM FUNCIONAMENTO NORMAL,2023-04-05,null,1559098.21,50226162000110,SP,SANVI FUNDO DE INVESTIMENTO EM PARTICIPACOES CAPITAL-SEMENTE,SP,São Paulo
48996079000189,EM FUNCIONAMENTO NORMAL,2022-12-28,null,76400869.35,48996079000189,SP,KSK FUNDO DE INVESTIMENTO MULTIMERCADO CREDITO PRIVADO,SP,São Paulo
40211684000195,EM FUNCIONAMENTO NORMAL,2021-02-08,null,8814320.26,40211684000195,SP,CREDINOV FUNDO DE INVESTIMENTO EM DIREITOS CREDITORIOS NAO-PADRONIZADOS RESPONSABILIDADE LIMITADA,SP,São Paulo
06985322000113,EM FUNCIONAMENTO NORMAL,2012-03-08,32,179116418.71,06985322000113,MG,CHALLENGER FUNDO DE INVESTIMENTO FINANCEIRO EM ACOES,MG,Minas Gerais
32295244000135,EM FUNCIONAMENTO NORMAL,2019-12-26,null,3902898.13,32295244000135,SP,CREDORES FUNDO DE INVESTIMENTO EM DIREITOS CREDITORIOS NAO-PADRONIZADOS RESPONSABILIDADE LIMITADA,SP,São Paulo
29315301000196,EM FUNCIONAMENTO NORMAL,2018-04-03,null,431842036.27,29315301000196,SP,FUJI BRASIL PARTNERS I C - FIP MULTIESTRATEGIA INVESTIMENTO NO EXTERIOR RESP LIMITADA,SP,São Paulo
05862906000139,EM FUNCIONAMENTO NORMAL,2005-05-30,0.34,503232637.89,05862906000139,SP,BNP PARIBAS TARGUS CLASSE DE INVESTIMENTO EM COTAS DE CLASSE DE INVESTIMENTO RF CP RESP LIMITADA,SP,São Paulo
45018961000161,EM FUNCIONAMENTO NORMAL,2022-05-30,null,25326633.74,45018961000161,SP,NOVA ERA FUNDO DE INVESTIMENTO EM DIREITOS CREDITORIOS MULTISSETORIAL - RESPONSABILIDADE LIMITADA,SP,São Paulo
22601577000191,EM FUNCIONAMENTO NORMAL,2015-07-02,null,1178939215.07,22601577000191,SP,FUNDO DE INVESTIMENTO EM PARTICIPACOES VOCATUS MULTIESTRATEGIA RESP LIMITADA,SP,São Paulo
11044355000107,EM FUNCIONAMENTO NORMAL,2010-08-09,null,228918338.75,11044355000107,MG,STARX FUNDO DE INVESTIMENTO IMOBILIARIO FII RESPONSABILIDADE LIMITADA,MG,Minas Gerais
44177436000126,EM FUNCIONAMENTO NORMAL,2022-01-03,null,400553155.68,44177436000126,SP,GALAXY FUNDO DE INVESTIMENTO EM DIREITOS CREDITORIOS RESPONSABILIDADE LIMITADA,SP,São Paulo
36930464000144,EM FUNCIONAMENTO NORMAL,2021-04-09,null,675582022.67,36930464000144,MG,BTSP II FUNDO DE INVESTIMENTO IMOBILIARIO FII RESPONSABILIDADE LIMITADA,MG,Minas Gerais
30130708000128,EM FUNCIONAMENTO NORMAL,2018-04-13,null,2763081124.78,30130708000128,SP,KINEA HIGH YIELD CRI FUNDO DE INVESTIMENTO IMOBILIARIO RESPONSABILIDADE LIMITADA,SP,São Paulo
33913568000152,EM FUNCIONAMENTO NORMAL,2019-12-30,0.09,999393.63,33913568000152,SP,DB I CLASSE DE INVESTIMENTO MULTIMERCADO INVESTIMENTO NO EXTERIOR CREDITO PRIVADO,SP,São Paulo
26089666000151,EM FUNCIONAMENTO NORMAL,2016-10-31,0.38,109758364.54,26089666000151,MG,INTER SELECTION DEBENT INCENT FC DE FIF INCENT DE INVEST EM INFRA RENDA FIXA CRED PRIV RESP LIMITADA,MG,Minas Gerais
49983891000132,EM FUNCIONAMENTO NORMAL,2023-03-17,null,257317318.62,49983891000132,RJ,PATRIA CREDITO ESTRUTURADO 365 FIC FIM CREDITO PRIVADO,RJ,Rio de Janeiro
44432479000100,EM FUNCIONAMENTO NORMAL,2022-05-06,0.2,269810601.66,44432479000100,SP,BNP PARIBAS PREVINORTE CLASSE DE INVESTIMENTO MULTIMERCADO - RESPONSABILIDADE LIMITADA,SP,São Paulo
49963885000113,EM FUNCIONAMENTO NORMAL,2023-03-16,null,545889451.38,49963885000113,SP,ALPHA FUNDO DE INVESTIMENTO EM PARTICIPACOES MULTIESTRATEGIA,SP,São Paulo
32203308000120,EM FUNCIONAMENTO NORMAL,2019-03-26,0.38,202116637.37,32203308000120,SP,BNP PARIBAS CASH DI II REFERENCIADO CI EM CLASSES DE INVESTIMENTO RENDA FIXA - RESP LIMITADA,SP,São Paulo
39412078000159,EM FUNCIONAMENTO NORMAL,2022-08-24,null,1000846.18,39412078000159,SP,BELLAGIO FUNDO DE INVESTIMENTO EM PARTICIPACOES MULTIESTRATEGIA RESPONSABILDADE LIMITADA,SP,São Paulo
45693226000153,EM FUNCIONAMENTO NORMAL,2022-05-23,null,6543725.97,45693226000153,SP,CREDITO AGRO FUNDO DE INVESTIMENTO EM DIREITOS CREDITORIOS NAO-PADRONIZADOS RESP LIMITADA,SP,São Paulo
42754444000162,EM FUNCIONAMENTO NORMAL,2021-11-29,null,65726719.67,42754444000162,RJ,ISTAMBUL FUNDO DE INVESTIMENTO MULTIMERCADO,RJ,Rio de Janeiro
40670750000195,EM FUNCIONAMENTO NORMAL,2021-04-07,null,6356884175.73,40670750000195,SP,B10 FUNDO DE INVESTIMENTOS EM PARTICIPACOES MULTIESTRATEGIA,SP,São Paulo
18402048000191,EM FUNCIONAMENTO NORMAL,2013-07-02,null,571931.15,18402048000191,SP,SANTA MARINA CLASSE DE INVESTIMENTO EM PARTICIPACOES MULTIESTRATEGIA - RESPONSABILIDADE LIMITADA,SP,São Paulo
49112611000110,EM FUNCIONAMENTO NORMAL,2023-01-09,null,99273256.37,49112611000110,SP,ID GOIANA FUNDO DE INVESTIMENTO FIAGRO IMOBILIARIO,SP,São Paulo
43876172000136,EM FUNCIONAMENTO NORMAL,2022-03-08,null,4142252.66,43876172000136,MG,IA CARTEIRA JUROS FC DE FUNDO DE INVESTIMENTO FINANCEIRO MULT CRED PRIV RESPONSABILIDADE LIMITADA,MG,Minas Gerais
52324762000147,EM FUNCIONAMENTO NORMAL,2023-09-26,null,26961795.48,52324762000147,SP,FUNDO DE INVESTIMENTO IMOBILIARIO DE UNIDADES AUTONOMAS IV,SP,São Paulo
47085583000164,EM FUNCIONAMENTO NORMAL,2022-10-18,null,99482670.96,47085583000164,SP,JIVE DISTRESSED & SPECIAL SITS IV INSTITUTIONAL FIC DE FIF MULTI - CP RESPONSABILIDADE LIMITADA,SP,São Paulo
32162536000108,EM FUNCIONAMENTO NORMAL,2019-05-15,null,46858947.51,32162536000108,SP,PSS SMALL FUNDO DE INVESTIMENTO EM PARTICIPACOES MULTIESTRATEGIA INVESTIMENTO NO EXTERIOR,SP,São Paulo
45908305000134,EM FUNCIONAMENTO NORMAL,2022-11-22,null,164835294.91,45908305000134,SP,ID 309 FUNDO DE INVESTIMENTO MULTIMERCADO CREDITO PRIVADO INVESTIMENTO NO EXTERIOR,SP,São Paulo
39723229000190,EM FUNCIONAMENTO NORMAL,2021-01-27,0.07,69484468.91,39723229000190,SP,BLACKROCK ACOES GLOBAIS ESG CLASSE DE INVESTIMENTO SUSTENTAVEL EM ACOES - RESPONSABILIDADE LIMITADA,SP,São Paulo
45899745000172,EM FUNCIONAMENTO NORMAL,2022-10-25,null,105805620.99,45899745000172,SP,ID 112 FUNDO DE INVESTIMENTO EM DIREITOS CREDITORIOS NAO-PADRONIZADOS,SP,São Paulo
09228836000112,EM FUNCIONAMENTO NORMAL,2008-01-07,0,647969508.53,09228836000112,SP,HORIZON CLASSE DE INVESTIMENTO MULTIMERCADO CREDITO PRIVADO INVESTIMENTO NO EXTERIOR,SP,São Paulo
42196346000157,EM FUNCIONAMENTO NORMAL,2021-08-09,null,28478914.31,42196346000157,SP,ADAMANTUS FUNDO DE INVESTIMENTO EM DIREITOS CREDITORIOS MULTISETORIAL,SP,São Paulo
02727085000130,EM FUNCIONAMENTO NORMAL,2022-04-09,null,1355673.91,02727085000130,RJ,FUNDO MUTUO STOCK MAXIMA DE PRIVATIZACAO FGTS,RJ,Rio de Janeiro
32222912000102,EM FUNCIONAMENTO NORMAL,2018-12-21,null,29507808.67,32222912000102,SP,PRIME REAL ESTATE FUNDO DE INVESTIMENTO IMOBILIARIO RESPONSABILIDADE LIMITADA,SP,São Paulo
52112338000139,EM FUNCIONAMENTO NORMAL,2023-09-08,null,39657633.31,52112338000139,SP,FIZZ CARD FUNDO DE INVESTIMENTO EM DIREITOS CREDITORIOS NAO-PADRONIZADOS RESPONSABILIDADE LIMITADA,SP,São Paulo
28240255000140,EM FUNCIONAMENTO NORMAL,2017-08-30,null,75330990.41,28240255000140,SP,MARINO INVEST FUNDO DE INVESTIMENTO EM DIREITOS CREDITORIOS NAO-PADRONIZADOS RESP LIMITADA,SP,São Paulo
28796986000177,EM FUNCIONAMENTO NORMAL,2018-04-27,null,103771102.59,28796986000177,SP,KINERET FUNDO DE INVESTIMENTO EM DIREITOS CREDITORIOS,SP,São Paulo
09234078000145,EM FUNCIONAMENTO NORMAL,2008-06-04,null,11673771707.4,09234078000145,DF,FUNDO DE INVESTIMENTO DO FUNDO DE GARANTIA DO TEMPO DE SERVICO,DF,Distrito Federal
14166140000149,EM FUNCIONAMENTO NORMAL,2012-01-18,null,1294014141.12,14166140000149,SP,FUNDO DE INVESTIMENTO EM DIREITOS CREDITORIOS SIFRA STAR,SP,São Paulo
23120075000101,EM FUNCIONAMENTO NORMAL,2022-11-28,null,1438003.41,23120075000101,SP,GLP INVESTIMENTOS VII FUNDO DE INVESTIMENTO EM PARTICIPACOES MULTIESTRATEGIA,SP,São Paulo
26452257000178,EM FUNCIONAMENTO NORMAL,2017-06-12,null,55024307.24,26452257000178,SP,AURI FUNDO DE INVESTIMENTO EM DIREITOS CREDITORIOS RESPONSABILIDADE LIMITADA,SP,São Paulo
22809036000153,EM FUNCIONAMENTO NORMAL,2016-06-20,0.8,13962072.14,22809036000153,SP,BNP PARIBAS ICATU SEG CLASSE DE INVESTIMENTO PREVIDENCIARIA RENDA FIXA CRED PRIVADO - RESP LIMITADA,SP,São Paulo
11249598000173,EM FUNCIONAMENTO NORMAL,2009-11-11,null,387226795.02,11249598000173,SP,AGRIFARM FUNDO DE INVESTIMENTO EM PARTICIPACOES MULTIESTRATEGIA,SP,São Paulo
24701488000142,EM FUNCIONAMENTO NORMAL,2016-05-11,null,196597902.55,24701488000142,SP,BREOF III - FUNDO DE INVESTIMENTO EM PARTICIPACOES MULTIESTRATEGIA - RESPONSABILIDADE LIMITADA,SP,São Paulo
07644864000195,EM FUNCIONAMENTO NORMAL,2005-12-27,null,1248536.18,07644864000195,SP,CINE AA FUNDO DE FINANCIAMENTO DA INDUSTRIA CINEMATOGRAFICA NACIONAL - FUNCINE,SP,São Paulo
50152676000179,EM FUNCIONAMENTO NORMAL,2023-03-30,null,34737947.55,50152676000179,SP,INVESTMACH FUNDO DE INVESTIMENTO EM COTAS DE FUNDOS DE INVESTIMENTO MULTIMERCADO CREDITO PRIVADO,SP,São Paulo
52069691000183,EM FUNCIONAMENTO NORMAL,2023-09-04,null,742040018.13,52069691000183,SP,HERMON FUNDO DE INVESTIMENTO EM DIREITOS CREDITORIOS NAO-PADRONIZADOS,SP,São Paulo
35178253000134,EM FUNCIONAMENTO NORMAL,2020-01-10,0.66,356009703.75,35178253000134,MG,MARACA FUNDO DE INVESTIMENTO MULTIMERCADO INVESTIMENTO NO EXTERIOR E CREDITO PRIVADO,MG,Minas Gerais
51804355000174,EM FUNCIONAMENTO NORMAL,2023-08-14,null,15759571.48,51804355000174,SP,COPEL VENTURES I FUNDO DE INVESTIMENTO EM PARTICIPACOES - EMPRESAS EMERGENTES RESP LIMITADA,SP,São Paulo
02668201000197,EM FUNCIONAMENTO NORMAL,2005-03-22,0.1,1596279507.29,02668201000197,SP,BNP PARIBAS EQD BRAZIL FUND CLASSE DE INVESTIMENTO MULTIMERCADO CREDITO PRIVADO,SP,São Paulo
46780646000130,EM FUNCIONAMENTO NORMAL,2022-12-08,null,95040346.5,46780646000130,SP,PC 78 FUNDO DE INVESTIMENTO EM PARTICIPACOES MULTIESTRATEGIA,SP,São Paulo
28549930000118,EM FUNCIONAMENTO NORMAL,2017-12-07,null,933563811.39,28549930000118,SP,CSHG JIVE DISTRESSED ALLOCATION II FIC DE FIF MULTI CP - RESPONSABILIDADE LIMITADA,SP,São Paulo
50311731000126,EM FUNCIONAMENTO NORMAL,2023-04-13,null,54841873.99,50311731000126,SP,ID FY FUNDO DE INVESTIMENTO EM COTAS DE FUNDO DE INVESTIMENTO EM DIREITOS CREDITORIOS RESP LIMITADA,SP,São Paulo
27368761000157,EM FUNCIONAMENTO NORMAL,2019-04-29,null,315840331,27368761000157,SP,GLP INVESTIMENTOS V FUNDO DE INVESTIMENTO EM PARTICIPACOES - MULTIESTRATEGIA,SP,São Paulo
01497954000114,EM FUNCIONAMENTO NORMAL,1996-10-02,null,157484243.68,01497954000114,RS,FUNDO DE INVESTIMENTO IMOBILIARIO MISTRAL,RS,Rio Grande do Sul
47716415000120,EM FUNCIONAMENTO NORMAL,2022-10-07,1.2,39209496.99,47716415000120,RJ,JOURNEY CAPITAL CREDITO ESTRUTURADO 120 FUNDO DE INVESTIMENTO EM COTAS DE FUNDOS DE INVESTIMENTO MULTIMERCADO CREDITO PRIVADO,RJ,Rio de Janeiro
19831126000136,EM FUNCIONAMENTO NORMAL,2014-04-11,1.5,1633861484.91,19831126000136,SP,WESTERN ASSET FUNDO DE INVESTIMENTO FINANCEIRO ACOES BDR NIVEL I - RESPONSABILIDADE LIMITADA,SP,São Paulo
20998989000181,EM FUNCIONAMENTO NORMAL,2022-12-06,null,12237906.79,20998989000181,SP,VERUM II FUNDO DE INVESTIMENTO EM DIREITOS CREDITORIOS NAO PADRONIZADOS RESPONSABILIDADE LIMITADA,SP,São Paulo
11326746000106,EM FUNCIONAMENTO NORMAL,2010-05-28,null,406820772.71,11326746000106,SP,TAG GR IV - FUNDO DE INVESTIMENTO IMOBILIARIO DE RESPONSABILIDADE LIMITADA,SP,São Paulo
29315285000131,EM FUNCIONAMENTO NORMAL,2018-10-02,null,12770599.47,29315285000131,SP,OIKOS FUNDO DE INVESTIMENTO EM PARTICIPACOES MULTIESTRATEGIA - RESPONSABILIDADE LIMITADA,SP,São Paulo
16685929000131,EM FUNCIONAMENTO NORMAL,2023-02-13,null,621389246.97,16685929000131,RJ,FUNDO DE INVESTIMENTO IMOBILIARIO MACAM SHOPPING RESPONSABILIDADE LIMITADA,RJ,Rio de Janeiro
34644159000160,EM FUNCIONAMENTO NORMAL,2019-11-04,null,378206753.54,34644159000160,SP,PATRIA INFRAESTRUTURA IV FEEDER-D FUNDO DE INVESTIMENTO EM PARTICIPACOES MULTI RESP LIMITADA,SP,São Paulo
04192419000143,EM FUNCIONAMENTO NORMAL,2005-03-15,0.8,37352822.79,04192419000143,SP,CLASSE UNICA DO WESTERN ASSET RF ATIVO MAX FIF - RESPONSABILIDAE LIMITADA,SP,São Paulo
09636619000161,EM FUNCIONAMENTO NORMAL,2008-10-02,0.22,776682897.59,09636619000161,SP,BNP PARIBAS SOBERANO CIC DE CLASSE DE INVESTIMENTO RENDA FIXA SIMPLES - RESPONSABILIDADE LIMITADA,SP,São Paulo
34835191000123,EM FUNCIONAMENTO NORMAL,2019-09-23,null,134149474.41,34835191000123,MG,INTER RESIDENCE FUNDO DE INVESTIMENTO IMOBILIARIO FII RESPONSABILIDADE LIMITADA,MG,Minas Gerais
36655944000144,EM FUNCIONAMENTO NORMAL,2020-09-10,null,5050323.26,36655944000144,SP,VKR FUNDO DE INVESTIMENTO MULTIMERCADO - CREDITO PRIVADO LONGO PRAZO,SP,São Paulo
51305991000151,EM FUNCIONAMENTO NORMAL,2023-07-05,0.695,43171465.16,51305991000151,MG,DUNAS II FUNDO DE INVESTIMENTO FINANCEIRO MULTIMERCADO CREDITO PRIVADO RESPONSABILIDADE LIMITADA,MG,Minas Gerais
21838483000178,EM FUNCIONAMENTO NORMAL,2015-08-19,null,510867745.2,21838483000178,SP,RIO FORMOSO II FUNDO DE INVESTIMENTO EM DIREITOS CREDITORIOS NAO-PADRONIZADOS MULTISSETORIAL NP,SP,São Paulo
17517577000178,EM FUNCIONAMENTO NORMAL,2013-08-13,0.4,101337603.88,17517577000178,SP,CLASSE UNICA DO WESTERN ASSET IMA-B5 ATIVO FUNDO DE INVESTIMENTO FINANCEIRO RF - RESP LIMITADA,SP,São Paulo
40054913000105,EM FUNCIONAMENTO NORMAL,2021-07-05,null,26277331.51,40054913000105,SP,BLUECAP DESENVOLVIMENTO LOGISTICO I FUNDO DE INVESTIMENTOIMOBILIARIO - FII RESPONSABILIDADE LIMITADA,SP,São Paulo
07408147000164,EM FUNCIONAMENTO NORMAL,2005-04-11,null,19103.37,07408147000164,PA,FUNDO AMAZONIA DE APLICACAO EM COTAS DE FUNDOS DE INVESTIMENTO-AMAZONIA MIX ''2'',PA,Pará
09087523000191,EM FUNCIONAMENTO NORMAL,2010-01-11,2.5,40660882.48,09087523000191,SP,CLASSE UNICA DO WESTERN ASSET VALUATION FUNDODE INVESTIMENTO FINANCEIRO EM ACOES - RESP LIMITADA,SP,São Paulo
05437916000127,EM FUNCIONAMENTO NORMAL,2002-12-10,null,126643041.61,05437916000127,SP,FUNDO DE INVESTIMENTO IMOBILIARIO EUROPAR,SP,São Paulo
41114606000135,EM FUNCIONAMENTO NORMAL,2021-03-09,null,237750155.58,41114606000135,SP,FUNDO DE INVESTIMENTO IMOBILIARIO UNIMED INVESTCOOP NACIONAL,SP,São Paulo
13243834000170,EM FUNCIONAMENTO NORMAL,2011-03-01,null,null,13243834000170,SP,TENEO FUNDO DE INVESTIMENTO EM PARTICIPACOES - MULTIESTRATEGIA,SP,São Paulo
37828802000102,EM FUNCIONAMENTO NORMAL,2021-07-19,null,5956004.96,37828802000102,SP,AZURE FI EM COTAS DE FUNDOS DE INVESTIMENTO EM DIREITOS CREDITORIOS - RESPONSABILIDADE LIMITADA,SP,São Paulo
41833315000105,EM FUNCIONAMENTO NORMAL,2021-05-24,null,31210946.4,41833315000105,SP,PRODUZ FUNDO DE INVESTIMENTO MULTIMERCADO - INVESTIMENTO NO EXTERIOR,SP,São Paulo
07110975000111,EM FUNCIONAMENTO NORMAL,2005-02-11,0,4371603243.35,07110975000111,SP,CLASSE UNICA DO OAK FUNDO DE INVESTIMENTO FINANCEIRO MULTIMERCADO CP INVESTIMENTO NO EXTERIOR,SP,São Paulo
14167479000160,EM FUNCIONAMENTO NORMAL,2011-10-21,1.2,26875077.81,14167479000160,SP,ZURICH BNPP MULTIMERCADO CIC DE CLASSES DE INVESTIMENTO PREVIDENCIARIA - RESPONSABILIDADE LIMITADA,SP,São Paulo
45018911000184,EM FUNCIONAMENTO NORMAL,2022-05-11,null,17743849.56,45018911000184,SP,HR FUNDO DE INVESTIMENTO EM DIREITOS CREDITORIOS FINANCEIRO - RESPONSABILIDADE LIMITADA,SP,São Paulo
27531244000157,EM FUNCIONAMENTO NORMAL,2017-06-29,null,24371096.33,27531244000157,SP,ONDABRASIL FUNDO DE INVESTIMENTO EM DIREITOS CREDITORIOS NAO-PADRONIZADOS RESP LIMITADA,SP,São Paulo
33361831000148,EM FUNCIONAMENTO NORMAL,2019-06-18,0.9,19493977.7,33361831000148,SP,BLACKROCK DYNAMIC HIGH INCOME CLASSE DE INVESTIMENTO MULTIMERCADO RESPONSABILIDADE LIMITADA,SP,São Paulo
47166761000181,EM FUNCIONAMENTO NORMAL,2022-07-21,null,94433680.23,47166761000181,SP,EUV GLADIATOR FUNDO DE INVESTIMENTO EM PARTICIPACOES MULTIESTRATEGIA,SP,São Paulo
50191107000132,EM FUNCIONAMENTO NORMAL,2023-04-03,null,176282870.32,50191107000132,SP,ID SOBERANO FUNDO DE INVESTIMENTO RENDA FIXA SIMPLES LONGO PRAZO,SP,São Paulo
51029588000147,EM FUNCIONAMENTO NORMAL,2023-06-13,0,479986552.65,51029588000147,SP,FRANKFURT CLASSE DE INVESTIMENTO MULTIMERCADO INVESTIMENTO NO EXTERIOR RESPONSABILIDADE LIMITADA,SP,São Paulo
49651181000105,EM FUNCIONAMENTO NORMAL,2023-02-17,null,42321000.33,49651181000105,SP,BAY SAO FRANCISCO FUNDO DE INVESTIMENTO MULTIMERCADO CREDITO PRIVADO INVESTIMENTO NO EXTERIOR,SP,São Paulo
11108013000103,EM FUNCIONAMENTO NORMAL,2009-09-25,2,83371655.02,11108013000103,SP,BNP PARIBAS SMALL CAPS CLASSE DE INVESTIMENTO EM ACOES - RESPONSABILIDADE LIMITADA,SP,São Paulo
52073804000114,EM FUNCIONAMENTO NORMAL,2023-09-04,null,226723890.56,52073804000114,SP,IF-ACOR FUNDO DE INVESTIMENTO EM DIREITOS CREDITORIOS NAO-PADRONIZADOS RESPONSABILIDADE LIMITADA,SP,São Paulo
49224039000181,EM FUNCIONAMENTO NORMAL,2023-01-17,null,4801607.67,49224039000181,SP,GRIFFIN FUNDO DE INVESTIMENTO MULTIMERCADO CREDITO PRIVADO INVESTIMENTO NO EXTERIOR,SP,São Paulo
33361657000133,EM FUNCIONAMENTO NORMAL,2019-06-18,0.9,25222189.95,33361657000133,SP,BLACKROCK GLOBAL EVENT DRIVEN CLASSE DE INVESTIMENTO MULTIMERCADO RESPONSABILIDADE LIMITADA,SP,São Paulo
24874305000190,EM FUNCIONAMENTO NORMAL,2016-05-27,null,1367467977.16,24874305000190,SP,BREF III FUNDO DE INVESTIMENTO EM PARTICIPACOES MULTIESTRATEGIA RESPONSABILIDADE LIMITADA,SP,São Paulo
30282227000138,EM FUNCIONAMENTO NORMAL,2018-10-30,4,39573974.25,30282227000138,SP,BNP PARIBAS PREMIUM EQUITIES CI EM CLASSES DE INVESTIMENTO EM ACOES RESP LIMITADA,SP,São Paulo
00819889000133,EM FUNCIONAMENTO NORMAL,2005-03-17,1,57298727.78,00819889000133,SP,WESTERN ASSET HEDGE DOLAR FUNDO DE INVESTIMENTO FINANCEIRO CAMBIAL - RESPONSABILIDADE LIMITADA,SP,São Paulo
15049586000156,EM FUNCIONAMENTO NORMAL,2012-03-23,null,2110822930.21,15049586000156,SP,GLP INVESTIMENTOS II FUNDO DE INVESTIMENTO EM PARTICIPACOES MULTIESTRATEGIA,SP,São Paulo
14951577000193,EM FUNCIONAMENTO NORMAL,2012-05-10,1,91101461.63,14951577000193,SP,BNP PARIBAS MAPFRE RENDA FIXA ATIVO CIC DE CLASSES DE INVESTIMENTO PREVIDENCIARIA - RESP LIMITADA,SP,São Paulo
46778844000169,EM FUNCIONAMENTO NORMAL,2022-12-09,null,185575837.49,46778844000169,SP,FLAMA SPECIAL RETURN FUNDO DE INVESTIMENTO EM PARTICIPACOES MULTIESTRATEGIA,SP,São Paulo
21596006000143,EM FUNCIONAMENTO NORMAL,2015-01-19,0.12,240575854.79,21596006000143,SP,MAPFRE HEDGE IGPM PREV CLASSE DE INVESTIMENTO EM CLASSES DE INVESTIMENTO DE RF - RESP LIMITADA,SP,São Paulo
12124044000102,EM FUNCIONAMENTO NORMAL,2010-08-26,1.5,553956292.03,12124044000102,SP,MAPFRE HEDGE PREV CLASSE DE INVESTIMENTO RENDA FIXA - RESPONSABILIDADE LIMITADA,SP,São Paulo
27486551000163,EM FUNCIONAMENTO NORMAL,2017-06-02,null,604067.12,27486551000163,SP,KILIMANJARO BRASIL PARTNERS I B - FUNDO DE INVESTIMENTO EM PARTICIPACOES MULTIESTRATEGIA IE RESP LIM,SP,São Paulo
50750438000165,EM FUNCIONAMENTO NORMAL,2023-05-19,null,323975648.65,50750438000165,RJ,RIZA DOMUS FUNDO DE INVESTIMENTO IMOBILIARIO,RJ,Rio de Janeiro
36412972000130,EM FUNCIONAMENTO NORMAL,2020-09-10,null,5156801.75,36412972000130,SP,VKR FUNDO DE INVESTIMENTO EM DIREITOS CREDITORIOS RESPONSABILIDADE LIMITADA,SP,São Paulo
06905783000139,EM FUNCIONAMENTO NORMAL,2004-12-30,null,19597924.32,06905783000139,SP,INVESTIMAGE 2 - FUNDO DE FINANCIAMENTO DA INDUSTRIA CINEMATOGRAFICA NACIONAL - FUNCINE,SP,São Paulo
27531301000106,EM FUNCIONAMENTO NORMAL,2017-05-29,null,47309749.17,27531301000106,SP,QUANTHAS FUNDO DE INVESTIMENTO EM DIREITOS CREDITORIOS MULTISSETORIAL - RESPONSABILIDADE LIMITADA,SP,São Paulo
02918931000107,EM FUNCIONAMENTO NORMAL,2005-03-28,1.5,28564084.56,02918931000107,SP,BNP PARIBAS MAPFRE MAXI RENDA FIXA CIC DE CLASSES DE INVESTIMENTO PREVIDENCIARIA - RESP LIMITADA,SP,São Paulo
02918923000152,EM FUNCIONAMENTO NORMAL,2005-03-28,2,6269533.2,02918923000152,SP,BNP PARIBAS MAPFRE MAXI 20 MULTIMERCADO CIC COTAS DE CI PREVIDENCIARIA - RESPONSABILIDADE LIMITADA,SP,São Paulo
28240255000140,EM FUNCIONAMENTO NORMAL,2017-08-30,null,75330990.41,28240255000140,SP,MARINO INVEST FUNDO DE INVESTIMENTO EM DIREITOS CREDITORIOS NAO-PADRONIZADOS RESP LIMITADA,SP,São Paulo
26452257000178,EM FUNCIONAMENTO NORMAL,2017-06-12,null,55024307.24,26452257000178,SP,AURI FUNDO DE INVESTIMENTO EM DIREITOS CREDITORIOS RESPONSABILIDADE LIMITADA,SP,São Paulo
27486551000163,EM FUNCIONAMENTO NORMAL,2017-06-02,null,604067.12,27486551000163,SP,KILIMANJARO BRASIL PARTNERS I B - FUNDO DE INVESTIMENTO EM PARTICIPACOES MULTIESTRATEGIA IE RESP LIM,SP,São Paulo
27531301000106,EM FUNCIONAMENTO NORMAL,2017-05-29,null,47309749.17,27531301000106,SP,QUANTHAS FUNDO DE INVESTIMENTO EM DIREITOS CREDITORIOS MULTISSETORIAL - RESPONSABILIDADE LIMITADA,SP,São Paulo
28240255000140,EM FUNCIONAMENTO NORMAL,2017-08-30,null,75330990.41,28240255000140,SP,MARINO INVEST FUNDO DE INVESTIMENTO EM DIREITOS CREDITORIOS NAO-PADRONIZADOS RESP LIMITADA,SP,São Paulo
27486551000163,EM FUNCIONAMENTO NORMAL,2017-06-02,null,604067.12,27486551000163,SP,KILIMANJARO BRASIL PARTNERS I B - FUNDO DE INVESTIMENTO EM PARTICIPACOES MULTIESTRATEGIA IE RESP LIM,SP,São Paulo
27531301000106,EM FUNCIONAMENTO NORMAL,2017-05-29,null,47309749.17,27531301000106,SP,QUANTHAS FUNDO DE INVESTIMENTO EM DIREITOS CREDITORIOS MULTISSETORIAL - RESPONSABILIDADE LIMITADA,SP,São Paulo
28240255000140,EM FUNCIONAMENTO NORMAL,2017-08-30,null,75330990.41,28240255000140,SP,MARINO INVEST FUNDO DE INVESTIMENTO EM DIREITOS CREDITORIOS NAO-PADRONIZADOS RESP LIMITADA,SP,São Paulo
